Megan Logan, Executive Chef, Nick & Stef's Steakhouse, Los Angeles, CA
Gender
Andrew Markert, Executive Sous chef, PS7, Washington, DC
Solomon Islands
Gina Rodriguez, Executive Chef, Kokopelli Restaurant and Tequila Bar, Philadelphia, PA
Western
–
—
Montserrat
Olivia Burnett
State of Arkansas
Theresa Sparks
Martha Esquivel, Executive Chef, Luminarias Restaurant, Monterey Park, CA
Sylvia Becker
Chiba
Gypsy Gifford, Executive Chef, Cafe Pinot, Los Angeles, CA
Moha Orchid, Private Chef, New York, NY
*
Nashville
Antonia Lofaso, Charity: Beit T'Shuvah
-
Mo Major
0
List of United States Senators from Kansas
1
1759.0
2
2315
3
Game
4
5
Wyoming Highway X
6
7
Jeremiah S. Black
8
Haley Sausner
9
Joshua Lefkoff
Sandy Davis, Catering Chef, Union Theological Seminary, New York, NY
?
F
Pastor Areli Biggers
William Byrd
Anne Hathaway
The Doon School
IA, United States
Q
R
--01-03
Marja Samsom, Caterer, New York, NY
Rhinoceroses
Headhunterz
Mario Tolentino, Private Chef, Can Cook Personal Chef Services, New York, NY
Nebraska Territory
Cycling
1822.0
Roderick Bailey, Chef & Owner, Silly Goose, Nashville, TN
912.0
Alexander Berkman
Kristina Sciarra
Courtney Renn, Personal Chef, Chef Courtney, Atlanta, GA
Ariane Resnick, Private Chef, West Hollywood, CA
Evelyn Cheatham, Chef and Instructor, W.O.W. , Santa Rosa, CA
Joel Javier, Sous chef, Telepan, New York, NY
Kiambu County, Central Kenya
y
Jordan Plumbstead
Zoe Gellert
Táchira (state)
Keith Jodway, Consulting Chef, New York, NY
Atomic bombings of Hiroshima and Nagasaki
Juan Borjas
Chiapas
Richard Bond, Chef and Culinary Instructor, Mardi Gras School of Cooking, New Orleans, LA
Lauren Van Liew
-780.0
Kedah Darul Aman
Armenia
1018
Operational
Kingdom of Serbia, modern-day Montenegro
Combinatorics
Mannee Soohoo
Maureen O'Hara
Çanakkale
1572.0
Wilhemina Bell, Executive Chef, Children's Village/Program Coordinator, C-CAP , Philadelphia, PA
1154.0
Free State of Schaumburg-Lippe
Eva Winans, Line Cook, Bay Street Biergarten, Charleston, SC
Kobena Sey
Henry Kissinger
Jalisco
Brian Bruns
John Profetto
Carabobo State
Afghanistan
John W. Foster
Leslie Roark Scott
Staci Graves Jett
Manila
Kuala Lumpur
Jayalalithaa
1702.0
West Virginia
expanded
Clio Goodman
Northern Mindanao
Baja California
Ernesto Fox
1034.0
New York
1639.0
680.0
John Ramirez, Executive Sous chef, Castle on the Hudson, Tarrytown, NY
James Buchanan
Eric Buss, Executive Chef, Wood & Vine, Hollywood, CA
Minnesota
Narayani
Edward Everett Hale
627.0
Geoffrey Zakarian
Michael Proietti
Guárico
David Catapano, Caterer, Romeo's Catering Service, Queens, NY
Ryan Whyte, Sous Chef, Restaurant St. Jack, Portland, OR
Ed Harris, Junior Sous chef, Buddakan, New York, NY
Cody Utzman
1230.0
Jeff O'Neill, Executive Chef, The Villa by Barton G, Miami Beach, FL
Monica Bellucci
Bourgogne
Casablanca
Madeleine Albright
Benson Taylor
Sarah Mispagel
751.0
collapsible
Ryan Costanza
Vermont Route X
Kate Lee Squibb, Sous chef, South Portland, ME
Myla Njai
Theo Vicioso, age: 17
Linda Laestadius, Pastry Chef, The Bear Cafe, Woodstock, NY
Omar Abdullah
Microsoft
Veracruz
Brigeth Brookins, Sous chef, Banquets Department at the Cosmopolitan, Las Vegas, NV
Songkhla
Montana
Kentucky
Grace LaFountain
Shiraz Minwalla
Ghana
Punjab, Rajasthan, Madhya Pradesh, Haryana
Paul Viggiano, Cooking Instructor
Daniel Gomez Sanchez
Pedro Rodriguez, Head Chef, New York City Rescue Mission, New York, NY
Ray 'Dr. BBQ' Lampe, Competitive Barbecue Champion, St. Petersburg, FL
Apples
1524.0
M. R. James
Jennifer Meadows, Chef and Restaurateur, Fishbar, Montauk, NY
Anne Churchill, Caterer & Tour Chef, New Orleans, LA
675.0
Ilala
Francis Galton
Paul Ripley, Food and Beverage Manager, Raritan Valley Country Club, Bridgewater, NJ
Asturias
Ruston, Louisiana
Arizona 85013
Arkanas
Arizona 85015
Arizona 85016
Province of Agrigento
Arizona 85017
Flavius Josephus
Jason Marcus, Chef and Restaurateur, Traif, Brooklyn, NY
Arizona 85019
Prussia,( Kingdom)( )
Greg Grossman, Student, Professional Children's School, New York, NY
Yamagata Prefecture
Aaron Swartz
497.0
SOC
Birds
Owen Halligan
Harayana
Erica Wides, Chef Instructor, Institute of Culinary Education, New York, NY
Poznań Voivodeship (1921-1939)
SON
2.0
Georgeann Leaming, Chef & Co-Owner, Suppa, Philadelphia, PA
Katherine Fuchs
2.3
1274.0
Heather Borden, Chef, New York, NY
Silesian Voivodeship
2.5
Madonna
Peter Drucker
Arizona 85006
Gottlob Frege
Arizona 85007
2.7
2.8
Arizona 85009
North Rhine-Westphalia
Genique Freeman
Marcus Byers
Thunderbirds
El Greco
Wa Self-Administered Division
Jun Tanaka, Executive Chef, Pearl Restaurant, London, England
Rio Grande do Norte
Raffaele Ronca
List of Amiga games (P–Z)
Monica Langowski, Private Chef, A Table For Two Private Chef Service, Chicago, IL
Ronaldo Linares, Chef and Restaurateur, Martino's Cuban Restaurant, Somerville, NJ
Mathew Rice
Daniel Sharp, Corporate Executive Chef, The Meatball Shop, New York, NY
Madeline Lanciani, Pastry Chef, Duane Park Patisserie, New York, NY
Indiana Territory
Dominican Republic, possibly neighboring Haiti
Sydney NSW 2109
Sam Choy, Chef and Restaurateur, Kawaii, HI
Alex Guarnaschelli
John C. Calhoun
Western Sahara
Herefordshire
Janie Wilson
Vegetarianism
795.0
Connecticut Colony
Eileen Andrade
Sachsen-Anhalt
Death
1394.0
Charles Slonaker, Food Truck Chef, Go Chew Los Angeles, CA
Giovanna Alvarez
Joshua Whigham, Sous chef, Jack's Luxury Oyster Bar, New York, NY
377.0
Ontario
Leonard Eugene Dickson
Oita
Oscar Toro
925.0
Edward Bellamy
Amartya Sen
Iowa 52244
Daniel Bojorquez, Chef de cuisine, Sel de la Terre, Boston, MA
Joe Simon, Executive Sous chef, David Burke Fromagerie, Rumson, NJ
Sonia Sotomayor
Tracy Anderson
Mindy Simmons, Owner, Decadent Creations Bakery, Beaverton, OR
Gerald Chin, Chef de cuisine, The Cosmopolitan Las Vegas, Las Vegas, NV
O to R
Jeny Weimer, Executive Chef & Co-Owner, The Steel Cart, New York, NY
Daniel Moreno, Sous chef, BLT Steak, New York, NY
Lisa Garza
Alli Holtz
Tommy Duncan, Caterer and Competitive Barbecue Champion, Whiskey Ranch BBQ, Gilbert, AZ
Territory South of the River Ohio
Greta Lau
Elliott Smith
Frank West
Dimaraji
222
Albuquerque, New Mexico
Justin Bazdarich, Chef and Restaurateur, Speedy Romeo, Brooklyn, NY
Luang Prabang Province
Sean Mell, Omakase Chef, Nobu, New York, NY
1404.0
Brian Riggenbach
Lita Ford, Charity: Parental Alienation Awareness
Surbhi Sahni
Larry Monaco, Private Chef, Los Angeles, CA
California 91945
Danica Patrick
South Carolina Highway X
Flag of Thuringia.svg
Eliza McKelvey, age: 13
Melissa Campbell, Training Administrator, Teledyne Controls, Los Angeles, CA
Christian Bonadio
Father Justin Matro
Dorothy Day
Upper Austria
Bataan
Mei Chau
Dave Cusato, Sous chef, X2O Xaviars on the Hudson, Yonkers, NY
Alaska Route nn
Cagayan Valley
state
Flagge Fürstentum Lippe.svg
1095.0
Jonny Silverberg, Owner, Napkin Friends Food Truck, Seattle, WA
William J. Casey
Vienna (state)
Elephants
Barry Frish, Chef de cuisine, Restaurant Marc Forgione, New York, NY
William Bunn III, Caterer, Brooklyn, NY
Perlis
Cold War
Comet
853.0
Vinny Tardo,
New Hampshire 03766
James Roberts
Rob Evans, Chef and Restaurateur, Hugo's, Portland, ME
Daniel Webster
Ivan Giani
Nate Siwiec
collapsed
Reggie Anderson, Executive Pastry Chef, Landmarc Restaurants, New York, NY
Leather
Steven Tempel, Chef and Restaurateur, Logan's Bar and Grill, Speculator, NY
Paul Viggiano, Chef de cuisine, Docs Steakhouse, Sparta, NJ
N.D. Highway X
Todd Barrie, Executive Chef, Upstairs 2, Los Angeles, CA
Sweden
Michael Natiello
1918
Ben Bettinger
Wisconsin
Audrey Hepburn
Jonathan Kavourakis
Izzy Sarto, Executive Chef, Tremont 647, Boston, MA
Akiba ben Joseph
Eliza Dushku
973.0
Donna Fong
Ruth Bader Ginsburg
Max Aronson, Hometown: Woodlake, NJ
Khammouane
Patti Peck
Roro Morales, Caterer, Haute Couture, Portland, OR
Ryan McLaughlin, Chef de cuisine, The Vanderbilt, Brooklyn, NY
Jamie Bissonnette, Chef and Restaurateur, Toro and Coppa, Boston, MA
Noelle Smith
Michele Harriott, Catering Chef, CulinAriane, Montclair, NJ
1225.0
Nate Echelberger, Pastor, Gateway Church, Austin, TX
'''17–16
Rob Runn, Food Service Specialist, USCGC Sturgeon Bay (WTGB-109), Bayonne, NJ
Valencian Community
Jasmine Shimoda, Apprenticing Chef, New York, NY
Fluid mechanics
Sharon Singelton, Caterer, Singlelicious Catering, Staten Island, NY
Josh Emett, Chef de cuisine, Gordon Ramsay at The London, New York, NY
Pernambuco
Bill Feldman, Chef and Entrepreneur, New York, NY
Orleans Territory
Moldova
Marilyn Mansfield
Linda Green, Caterer, Ms. Linda's Soul Food Catering, New Orleans, LA
Edward Everett
Minas Gerais
1105.0
Karelian Autonomous Soviet Socialist Republic
Matthew Zappoli, Owner and Executive Chef, Tre Amici, Long Branch, NJ
Gujarat
--09-11
James Major
Cathy McKnight, Executive Chef, What a Dish Café, Dana Point, CA
Langlands program
Akiko Thurnauer, Chef and Restaurateur, Family Recipe, New York, NY
State Route XX
William R. Day
Eva Dix
Rafaelle Solinas
South Moravia
Vince McMahon
Cross River State
List of Doctor Who universe creatures and aliens (Q–Z)
1510.0
Adrian Ramirez
Virgin Mary
North Yorkshire
Dawn Burrell
Eric Adjepong
Erin Wishon, Executive Chef, Soldier Field, Chicago, IL
Meryl Streep
Lufkin, Texas
688.0
Hung Huynh, Charity: Sunflower Mission
Georgia 30308
Alpha
Ankara
Jonathan Doar, Sous chef, Fishtail by David Burke, New York, NY
Roshni Mansukhani, Executive Sous chef and Private Chef, Boston, MA
n/a
Aaron Gruen
Cisse Elhadji, Chef and Restaurateur, Ponty Bistro, New York, NY
Lior Lev Sercarz, Chef and Entrepreneur, La Boîte à Biscuits and La Boîte à Epices, New York, NY
1332.0
Cody Monfra, Sous chef, Palace Cafe, New Orleans, LA
Amy Roloff
Kristen Gregory, Executive Chef, Firefly Grille, Nashville, TN
Utah
Terri Wahl, Chef and Restaurateur, Auntie Em's Kitchen, Eagle Rock, CA
Meher Baba
Greece
Richard Ingraham, Personal Chef, Atlanta, GA
Baabda
Keegan Gerhard
Laurielle Clark, Private Chef, New York, NY
Adam Idris, Private Chef, New York, NY
Province of Maine
Pasquale Abbatiello
Adele DiBiasi, Chef and Restaurateur, Bona Vita Osteria, Summit, NJ
Noah Museles, Sidwell Friends School, Washington, D.C.
Amy Johnson, Private Chef, New York, NY
Diane Dimeo
Duff Goldman
626.0
Colo
1212.0
Greg Louganis, Charity: Kids international
Jase Grimm
Route nn
Marja Samsom, Chef and Restaurateur, The Kitchen Club, New York, NY
Joe Bayley, Sous chef, Cobblestone Foods, New York, NY
Masiela Lusha
Todd Miller, Executive Chef, STK, New York, NY
Roxy Belfiore
Up to 7 fps
Category:The Beatles
Sardar Vallabhbhai Patel
Aiden McFarlane
Luca Manderino, Chef and Restaurateur, La Sosta Enoteca, Hermosa Beach, CA
1452.0
Leinster
Chris Coleman, Private Executive Chef, Long Island, NY
James Madison
Maharashtra
Allison Robicelli, Pastry Chef, Robicelli's, Brooklyn, NY
James Baker
Croatia
Isfahan
Summer Kelly
USAF
Neela Paniz, Chef and Restaurateur, Neela's, Napa, CA
Cara Thompson, Executive Chef, The Bayou, Bellmore, NY
Free State of Mecklenburg-Strelitz
Ashton Keefe, Chef & Instructor
Peter Lemos
Bruce Barber, Caterer, Aussie Chef Catering, Sherman Oaks, CA
Querétaro
Teri Hatcher
TAM
Wade Burch, Executive Chef, South West NY, New York, NY
East Riding of Yorkshire
TAS
KPK
Andrew Scurlock, Kitchen Manager, St. James Cheese Company, New Orleans, LA
613.0
Gifu Prefecture
24.3
George VI of the United Kingdom
Klaus Kronsteiner, Chef de cuisine, Liberty National Golf Course, Jersey City, NJ
Lorde
Entre Douro e Vouga
Nara Prefecture
Han Li Hwang
North Sumatera
Shawn Fralin, Private Chef, Miami, FL
Deborah Bicknese, Executive Chef and Restaurateur, Beast, Brooklyn, NY
Andre Marrero, Chef tournant, L’Atelier de Joël Robuchon, New York, NY
Kigali
Elizabeth McCord
State Route X  or Virginia Route X , West Virginia Route X
Joseph Gordon-Levitt
Albania
Maxcel Hardy, Private Chef, New York, NY
Auguste Comte
New Zealand
Chris Coombs, Chef and Restaurateur, Dbar, Boston, MA
Heather Edwards
Jasmin Bell
Namibia, South Africa, Angola and Botswana
Chitwan
Alexander Haig
CLOSED
733.0
Jr.
Edwin Markham
Tabb Singleton, Sous chef, Nola, New Orleans, LA
Saudi Arabia
Downtown San Diego
Victoria Neikirk, Executive Chefs, Pearlz Oysters, Charleston, SC
Carinthia
Federal District
Alif Dhaal Atoll
Serbia
Jason Kerr
Gianfranco Franzese, Chef and Restaurateur, Pasticceria Bruno, Staten Island, NY
Rwanda
Rocco Nankervis
Super Commando Dhruva
Selangor
11.5
Barbados
Sinaloa
Elon Musk
List of Doctor Who universe creatures and aliens (Q-Z)
Chad Ward, Competitive Barbecue Champion, Whiskey Bent BBQ, Lakeland, FL
Bhimrao Ramji Ambedkar
Navarre
Heart
Superman
Alluette Jones-Smalls, Alluette's Cafe, Charleston, SC
Ade Vyodele
Paraguay
Shaquay Peacock, Sous chef, The New York Times, New York, NY
Walt Whitman
Martin Weaver
Eastern Cape
Danushka Lysek, Private Chef and Model, New York, NY
Elise Kornack, Chef and Entrepreneur, Aquavit, New York, NY
Gloves
Expandable
Newfoundland and Labrador
Tara O'Donnell
1821.0
Johor Darul Ta'zim
Oregon Route nn
Steve Luttrell, Chef de cuisine, La Silhouette, New York, NY
913.0
Carey Bringle, Owner and Barbecue Pitmaster, Peg Leg Porker, Nashville, TN
Jared Goldberg
Arlene Leggio, Cook Manager, Islip High School, Islip, NY
Julio Lazzarini, Executive Chef and Owner, Orillas Tapas Bar and Restaurant, Wilmington, DE
Mukanjo Mukuka, 17
Paul Livingstone
Approx. 0.9 frame/s
O'Shane Elliot
Maryland
Orissa
Gray Rollin
Tre Ghoshal, Chef and Owner, Adara, Montclair, NJ
Sheridan Su, Chef and Restaurateur, Great Bao Café, Las Vegas, NV
Nelly Godfrey, Chef and Restaurateur, Lima's Taste, New York, NY
Missouri Territory
Mie Prefecture
Kenneth Grahame
Pnina Peled, Chef de cuisine, The New York Helmsley Hotel, New York, NY
Noah Blöm, Chef & Owner, Arc Food & Libations, Costa Mesa, CA
Michael Giletto, Executive Chef, Cherry Valley Country Club, Skillman, NJ
Yoanne Magris, Chef and Restaurateur, Yo In Yo Out, New York, NY
Lucerno Martinez Obregon
Tom Spaulding
Texas 76798
Eric Gibbs
Susan Crocker, Catering Chef, Holberts Catering and Backyard Bistro, Montgomery, NY
Bắc Ninh
circle the wagons
George P. Shultz
Emily Roche
Stephanie Mishoe, Pastry Chef, Charleston, SC
Luisa Fernandes, Executive Chef, Georgia's Cafe and Bakery, New York, NY
Tristan Welch, Chef Patron, Launceston Place, Kensington, London, England
Saint Lucia
Rachael Zavala
561.0
up to 2.5 frame/s, up to 6 frames
[ChangPing & Haidian]
Victor Squire
Free State of Oldenburg
Anup Joshi, Chef de cuisine, Tertulia, New York, NY
Osaka
Ben Kranitz
Fred Neuville, Chef & Restaurateur, Fat Hen, John's Island, SC
Giancarlo Autenzio, Executive Chef, The Astor Room, Queens, NY
George Boole
John Hay
Alex Friedman, Chef and Restaurateur, P'cheen International Bistro and Pub, Atlanta, GA
Styria (Slovenia)
Tartus
Hahira, Georgia
Rebecca Newell, Executive Chef, The Beehive, Boston, MA
Kt. Luzern
Jijel
1033.0
Turks and Caicos Islands
Iowa nn
Oregon Territory
Scott Conant
Wenona Moorer
681.0
Amy Roth, Chef and Owner, Amy Kate Catering, New York, NY
Murray Bookchin
Guizhou
Guy Fawkes
Michael Bryant
Randy Pauly
Vanarin Kuch
Vic 'Vegas' Moea
Pierre Coray, Private Chef & Caterer, Los Angeles, CA
Jason Robertson, Caterer, Headwaters Café, New Orleans, LA
Luke Krohn
Kayne Raymond, Private Chef, Palo Alto, CA
1166.0
Anzoátegui (state)
Greater London
Dale Talde, Charity: CARE USA
Cyrus Vance
Jesse Olson, Executive Chef, Vanderbilt, Brooklyn, NY
German proverbs
Art Smith, Charity: Reunion
Zavkhan Province
District of Columbia
1571.0
748.0
Woodrow Wilson
Palatinate (region)
Werner Erhard
Marc Murphy (chef)
Alessandra Torresani
Tunde Kelani
Ted Hirsch, Executive Chef, Blind Barber,
Michael Press, White Plains, NY
Free City of Danzig
Afton Farnsworth, Head Chef, Stout Burgers & Beer, Studio City, CA
Doug Keiles, Competitive Barbecue Champion and Pitmaster, Ribs Within BBQ Team, Hillsbourough, NJ
676.0
Mark Liberman
Azad Kashmir
Emmanuel Delcour
D.C
Cole Malouin
Jason Quinn, Chef and Owner, Playground, Santa Ana, CA
States of Guernsey
Fred Maurer
Jacques Torres
St.Andrew
AR nn, Ark. nn, Hwy. nn
Mia Castro, Chef de partie, Las Vegas, NV
Florida
Rajasthan
Adam Sappington
Thomas McKenna, Sous chef, Jean-Georges, New York, NY
Canada
British Columbia V8Z 6R5
Nelly Furtado
Dornod Province
Gabriel García Márquez
3.2
1403.0
3.4
3.5
-60.0
Joe Cecchini
3.7
3.8
Raquel Jubran, Executive Chef, The Attic, Log Beach, CA
Chris Jericho
Drew Magary
Ben Streu
Royden Ellamar, Executive Chef, Sensi at the Bellagio, Las Vegas, NV
Enzo Neri
State Road nn
Lou Diamond Phillips, Charity: Share Our Strength, No Kid Hungry
Nick Vazquez, Azúcar Cuban Cuisine, Jersey City, NJ
Karnataka
NY 11235
Charlene Johnson, Executive Chef, 202, New York, NY
Yorkshire
Florida 32804-3798
Leonhard Euler
Kathy Fang
1153.0
Brad Sorenson
Region Sjælland
Mark Barrett, Chef, Henry's, New York, NY
Rory O'Farrell, Executive Chef, Ayza Wine & Chocolate Bar, New York, NY
Upper Nile
Spain
Apure
Columbia, Missouri
Lily Nichols , from: NJ
Rouha Sadighi, Chef de cuisine, Penelope Café, New York, NY
796.0
Ceramic
Linz-Land District
Castile and León
Chin State
1998.0
Ameer Atari
Brian Malarkey, Charity: Chimps Inc.
Handbag
Xavier:_Renegade_Angel
Din Yates
Berlin
Punjab
Aguascalientes
John Woolman
Zoe Gelsi
Coolio, Charity: Jarez Music Foundation
Warren E. Burger
Angela Majko
Iowa Territory
Tyrol (state)
Cindy Tinnel, Cook, Henry C. Maxwell Elementary School, Nashville, TN
United States Congressional Delegations from New York
Sophia Amenedo
West Azarbaijan province
441.0
Maine
Jimmy Hennessy
Taipei City
Ken Hess
Zack Northcut
Miguel Aguilar, Executive Chef, Piquant, New York, NY
Vienna
Krissy Kerwin, Private Chef, Los Angeles, CA
Tiki Barber
Lithuania
Joey Fatone
Phil Crispo, Assistant Culinary Professor, Culinary Institute of America, Hyde Park, NY
Ian Phillips & Santana Benítez
Denis Weekes, Executive Chef, World Yacht, New York, NY
Henry Clay
Joshua Potter 'Schwa de Vivre', Drag Queen,
Osip Mandelstam
Brandi Chastain, Charity: Bay Area Women's Sport Initiative
Alejandra Padilla, Sous chef, La Fonda del Sol, New York, NY
Lawrence Eagleburger
Ticino
Chuck Hughes
Norway
1393.0
Virginia Willis, Chef and Author, Atlanta, GA
Andres Barrera, Executive Chef, City Winery, New York, NY
2114.0
William J. Bryan
382.0
Rob Evans, Chef and Restaurateur, Hugo's / Duckfat, Portland, ME
Taytum Graham
Fred Eric, Chef and Restaurateur, Fred 62, Los Angeles, CA
William M. Evarts
Shan State
Partial differential equation
Jacob Stern
1170.0
Antonio Sabato Jr.
Richard Dawkins
Lagos State
Sunshine Best, Special Diets Chef, Your Safe Kitchen, New York, NY
up to 3.9 frame/s.
Matt Gibson, Sous chef, Spice Market Restaurant, New York, NY
Andy Bates, Pastry Chef, Eat My Pies Street Market, East London, England
Marriage
Heidi Rae Weinstein, Personal Chef, Melbourne, CA
released
10
11
Lawrence Ferlinghetti
12
13
Argentina
14
15
16
974.0
17
18
19
Lou Campanaro
Jeffrey Baruch, Executive Chef, London Lennie's Seafood Restaurant, New York, NY
Jason Stude, Chef de cuisine, Second Bar + Kitchen, Austin, TX
Osho
Argentine
1882.0
Laurence Binyon
Gio Bellino, Sands Point, NJ
Numerical analysis
limited by write speed of SD card, 2-shot burst, 3-shot burst, unlimited burst frame/s
Adin Ballou
Georgia
20
Idaho
21
Lauren Proceszyrn, Chef Tournant, Portobello Café, Staten Island, NY
Erica Nicholls, Executive Chef, Pilar Local Restaurant & Bar, Miami, FL
22
Miranda
23
24
Linda Miles, Chef and Manager, Chapel Manor Senior Health Care Center / Philabundance, Philadelphia, PA
25
Cojedes (state)
Punjab, Haryana
Guillermo Perez, Chef de cuisine, SushiSamba NYC Park, New York, NY
Faye Hess, Cooking Teacher and Blogger, 'FayeFood' food blog, New York, NY
26
São Paulo (state)
27
Telangana
28
29
Australia Capital Territory
Diana Sabater, Philadelphia, PA
Jim Stacy
Shizuoka Prefecture
Balochistan
Leo Mamaril, Chef de Tournade, Pearl & Ash, New York, NY
30
31
New Jersey 07001
32
33
Celinda Norton, Chef & Food Blogger, Seattle, WA
34
35
36
Joe Wetherbee
37
38
Lonnie Dyner, Executive Chef, Le Petit Marché, New York, NY
Einav Gefen, Corporate Chef, Englewood Cliffs, NJ
39
1050.0
Hawaii
Chester A. Arthur
262.0
Maxim Gorky
humus
Hebei
Johnny Ulloa
Justin Turner
Diane Vista-Wayne, Line Cook, New York, NY
Tony Kang, Sous chef, Brookville Country Club, Upper Brookville, NY
John Zerzan
Pre-Alpha
40
Australia
Nagaland
41
Herb Hand
42
open
Massimo Felici, Executive Chef, Ristorante DeGrezia, New York, NY
43
44
Maranhão
45
46
Guyana, formerly Brazil
47
Bolesław Prus
48
Garrett Pittler, Executive Chef, Chelsea Bistro, Nashville, TN
49
Alex Steinwald
Cordell Hull
Benadir
Andrea Glick, Private Chef and Instructor, Long Island, NY
Aiden Stoyer
Lagos
up to 2.7 frame/s, max 8 frames
Mario
Arizona 85031
Arizona 85033
Christopher Schobel
Chris Starkus
Pune, Maharashtra, Pin-410507
50
51
52
53
MIMAROPA
54
55
Anthony 'Anton' Testino, Head Chef, Tony's Touch of Italy, Wayne, NJ
56
57
58
59
Jodi Burnhard, Chef de cuisine, Longwood Events, Boston, MA
Michael Vignola, Executive Chef, Michael Jordan's Steak House, New York, NY
Highway nn
Oromia
KJIVA
Tamilnadu
1522.0
60
61
62
63
64
66
67
Shaun Yazbek
68
Burundi
69
Bauchi
Champagne-Ardenne
Epistemology
Tayo Ola & Elena Ng
Kamel Saci
Democratic Party (United States)
Palestinian National Authority
Ruth Cimaroli, Private Chef, New York, NY
Ernest Servantes, Executive Chef, Texas Lutheran University/Barbecue Pitmaster, Burnt Bean Co., New Braunfels, TX
China
Chuck Subra, Executive Chef, JW Marriott New Orleans, New Orleans, LA
Madhya Pardesh
Quentin Tarantino
70
Jeremy Hanlon, Private Chef, My Fresh Chef, Lantana, FL
Global warming
71
72
556.0
74
75
Derryn Hinch
76
77
1094.0
Georgia (US state)
Philippines
Katsuji Tanabe, Chef and Restaurateur, MexiKosher, Los Angeles, CA
Giuliano Matarese, Executive Chef, Arte Café, New York, NY
Lyla Allen
Rob Hafer
Arizona 85040
M-n
S. S. Van Dine
-1320.0
Des Lim, Executive Chef, Trump SoHo, New York, NY
Chonbuk  Province
approx 3 frame/s, 10 shot burst max
80
82
83
84
Raffaele Spadavecchia, Executive Chef, Scottadito Osteria Toscana, Brooklyn, NY
85
86
87
'5-1
89
Central Greece
Mike Greenfield, Caterer/Internet Chef, Brooklyn, NY
Bill Nye the Science Guy
Peter Higgs
Iran
Guanajuato, Mexico
90
Kirsten Hocker
Breakfast at Tiffany's
Iraq
Chile
97
Nepal
99
Jake Harbeck
Jose Chesa, Chef & Restaurateur, Ataula, Portland, OR
Seth Gordon, Executive Chef, Dune Studios, New York, NY
Paschimbanga
North Rhine-Westfalia
Perl
M. C. Escher
Hiep Le, Chef & Owner, Le Cellier, Marina del Rey, CA
Zane Grey
Anita Lo
Wave
1464.0
Bella Coonis
Andrea Galan
D.C.  337-9702
Joel Gargano, Executive Chef, Higher One, New Haven, CT
Peru
Free City of Lübeck
Amy Finley
-1440.0
South Dakota
Serving with Anne Hajek
John Herndon, Executive Chef, Umami Burger Restaurant Group, Los Angeles, CA
René Stein, Sous chef, Seasonal, New York, NY
614.0
1224.0
Heilonjiang
Leslie Parks, Freelance Caterer, New York, NY
Clark Barlowe, Sous chef, Clyde's Tower Oaks Lodge, Rockville, MD
Kashmir
Wisconsin Territory
E3s: 3 frame/s up to 12 images
Kevin Rooney, Wyckoff, NJ
Kanagawa Prefecture
Walter Lewis, Chef / Engine 35, F.D.N.Y., New York, NY
Tommy McMonagle, 17
Anthony Rinaldi, Executive Chef & Owner, The Pearl Room, Brooklyn, NY
Fatima Ali, Sous chef, Café Centro, New York, NY
Småland
J. R. R. Tolkien
Fany Gerson, Pastry Chef, La Newyorkina, New York, NY
Robbie Lutzker
Tom McEachern, Executive Chef, Ray's on the River, Atlanta, GA
Liz Sempervive, Executive Sous Chef, Jamonera, Philadelphia, PA
Ted Bundy
Brenden Darby
Up to 8.3 fps for 60 JPEG or 23 RAW images
The Colbert Report
Damon Gordon,
Steve Benjamin, Executive Chef, L'Atelier de Joël Robuchon, Las Vegas, NV
Virginia (U.S. state)
Jessica North, Line Cook, St. Francis Fountain, San Francisco, CA
Övörkhangai Province
734.0
Dave Ogren, Executive Chef, Almos Restaurant, New York, NY
Mario Bacherini
Michael Ferraro, Executive Chef, Delicatessen, New York, NY
Leigh Ann Kato, Freelance Chef & Consultant, Los Angeles, CA
Cheryl Perry, Chef and Culinary Instructor, New York, NY
Tas
Robyn Aylmodar
Lillie Stewart
Soap
Guinevere Shea
-1560.0
Republic of Belarus
Fragrance
Marc Anthony Bynum
North Carolina Highway X
Rudyard Kipling
Condoleezza Rice
Franklin Pierce
Province
Dan Gardner, Chef / Engine 15, F.D.N.Y., New York, NY
-120.0
Veronica Flores
Zachary Kell, Sous Chef, Hu Kitchen, New York, NY
expandCaption
Ulli Stachl, Food Stylist, New York, NY
2512
Korçë County
Senegal
Jesa Henneberry
Osun
Province of Florence
Province of Brandenburg
316.0
Oregon
Nicholas Bruzzano
East Coast Demerara
Bolivia
Nuevo Leon
Keith Geter, Chef, Artisanal, New York, NY
Cher
United States Constitution
Nancy Caballes, Private Chef, Montclair, NJ
Arlene Stewart, Personal Chef, New York, NY
Slovakia
Dweezil Zappa, Charity:  Guitars Not Guns
Michael Jacobs, Food Consultant and Caterer, Miami Heat, Miami, FL
Varies by state
1344.0
Rhode Island
Austin, Texas
-1680.0
Julieta Liebhoff
Fyodor Dostoyevsky
Hesse
Jason Tilmann, Executive Chef, NYY Steak, New York, NY
Kyle Bernstein, Culinary Instructor, New Hampton, NY
West Virginia Route XX
İsmet İnönü
Lynette Thomas, Head Cook, St. Martinville Primary School, St. Martinville, LA
1211.0
854.0
Dimitri Voutsinas, Executive Sous chef, Water's Edge, Long Island City, NY
Michael Moore
Ryan Goergen, Executive Chef, New York, NY
Sindh
CA, 93722-3947
Disambiguation
Sean Lew
Michael Collins
South and Western Germany
County Clare
vic
Sevan Abdessian, Chef and Restaurateur, Recess Eatery, Glendale, CA
Lotte Duncan, Chef and Culinary Instructor, English Country Cookery School, Buckinghamshire, England
Chattisgarh
John-Michael Hamlet, Chef and Restaurateur, John-Michael's Restaurant, North Salem, NY
The Most Hated Family in America
1219
SOCCSKSARGEN
King Phojanakong, Executive Chef, Kuma Inn, New York, NY
AB
AE
AK
Scott Steiner
1156.0
AL
AM
AP
Giuseppe Gentile
AR
AS
Mart Laar
Finland
AZ
BA
Madison Cowan, Chef and Caterer, Avenue Inc, New York, NY
BC
Sean Telo, Chef de cuisine, Atlanta, GA
1396.0
Han Ly Hwang
Frederick Russell Burnham
Ogun State
Jessica Mogardo, Pastry Chef, New York, NY
Approx. 12.1 frame/s, 9.4 frame/s from 6th shot onwards
Rose Kai
Matthew Wheelock
'33-32
Tommy Wether
1036.0
CA
Nevada
682.0
CE
Jose Garces
Franky Karagiorgos, Chef and Co-owner of Uncle Gussy's Greek Food Truck, New York, NY
State Highway X
Robert Irvine
CO
Michigan
Whitney Werner, Chef & Restaurateur, Roast, Brentwood, CA
CT
Vincent Williams, Chef and Restaurateur, Honey's Kettle Fried Chicken, Los Angeles, CA
David Viana, Chef de Cuisine, Daryl, New Brunswick, NJ
Jonny Giordani, Executive Chef, BOOM, New York, NY
Tin
John Cassian
Cory Comeau, Executive Chef, Stephanie's on Newbury, Boston, MA
Vandy Vanderwarker, Sous Chef, The Ordinary, Charleston, SC
José Luis Rodríguez Zapatero
DC
Ilocos Region
DE
Baden
Shawn Dickensheets, Culinary Student, Culinary Institute of America, Hyde Park, NY
Gregory Generet
Natalie Cain, Line Cook, Red Rooster Harlem, Harlem, NY
Cyprus
Geter Atienza, Sous chef, The Fairmont Miramar Hotel, Santa Monica, CA
Prussia,( Free State)( )
South Holland
Josh Arcilla, Corporate Line Cook,
Special:Search/D-Day
Tokyo
Steve Lohse, Chef, Lavender Lake, Brooklyn, NY
Melissa Naccarato
Brazil
Amandine Waldman
Florian Wehrli
South Tyrol
Ecuador
Adam Goldgell, Chef, Sugo Café, Long Beach, NY
Oberösterreich
Alan Moore
John Sierp, Chef, New York, NY
Brian Kevorkian, Line Cook, New York, NY
ES
Labrador
Melissa Cookston, Professional Barbecue Competitor, Nesbit, MS
Jalal-Abad Province
North Point
Lombardy
April Neujean, Lead Teacher, The Edible Schoolyard, New Orleans, LA
Vermont
Taylor Garrigan
Fife
FL
FQ
616.0
Surkhrod
Danielle Dimovski
Ceará
Triple H
Bremen
Cosmetics
GA
Aosta
Central Luzon
Province of Westphalia
GO
Kent Rathbun
GU
Anna Serrano, Police Sergeant
Francesco Peluso, Executive Chef, Peluso's Italian Specialties, Clifton, NJ
Justin Burdett, Chef de cuisine, Miller Union, Atlanta, GA
1276.0
4.0
Tadeusz Kościuszko
4.1
4.2
4.3
4.4
4.5
4.6
Muammar Gaddafi
Kris Edelen
Veszprém county
North Carolina
Hrodna Voblast
HI
Laguna
Charles Chen
Bradley Stellings
Sal DePaola
Christian Fischhuber, Chef de Cuisine, Le Cirque, New York, NY
Go
North Dakota,
Pippa Calland, Owner and Chef, Chef for Hire LLC, Newville, PA
Pip Freeman, Chef & Owner, Three Letters, Brooklyn, NY
Tibet
Indianapolis, Indiana
Lindsay McClain
Michael Imperioli, Charity: Pure Land Project
Melinda Stokes
IA
Josh Elliot
Keisha Bocage
Samantha Buyskes, Chef and Restaurateur, Simply Red Bistro, Ithaca, NY
860.0
ID
Bomis
Gandaki Zone
Jeremy Barlow, Chef & Restaurateur, Sloco, Nashville, TN
IL
Roman republic
IN
Mason Partak
Tim Lyons
Mecklenburg-Vorpommern
Jeffrey Gardner, Sous chef, South City Kitchen Midtown, Atlanta, GA
Sammy Davis Jr., Executive Chef, CR Lounge, Baltimore, MD
Homs
Penny Davidi
Tehran Province
Bangkok
Ronit Penso, Private Chef and Author, New York, NY
797.0
Ulster
Paul Rut, Chef / Engine 262, F.D.N.Y., New York, NY
Ayesha Nurdjaja, Executive Chef, Il Bordello, New York, NY
Basque Country
Carabobo
Thuringia
Special effect
Merseyside
Guinea
Virginia Monaco, Chef, The Vanderbilt, Brooklyn, NY
Harmonic analysis
Moscow
980.0
South Carolina
Amy Goffio-Mahabir, Sous chef, NYU Medical Center, New York, NY
Lesser Poland
Province of Saxony
Bryan Moscatello
Katie Lee
Jeffrey Forrest
PA 19425
Washington D.C.
Nigeria
Alfred the Great
Avery Andrasek
MC=
KS
up to 7 Frames Per Second
1633.0
Iowa 51104
Martin Brock, Executive Chef, Atria, New York, NY
KY
Bohemia
LA
Abigail Hitchcock, Chef and Restaurateur, Camaje Bistro, New York, NY
Max Aronson, age: 17
1500.0
Zacatecas
Ria Pell, Chef and Restaurateur, Ria's Bluebird / Sauced, Atlanta, GA
Tariq Abdullah-Muhammad
Highway X
Carson Wood
Programming languages
Jackee Harry
Katie Quinn
Gillie Holme, Caterer, New York, NY
Johnny Weir
Josh Watkins, Executive Chef, The Carillon, Austin, TX
MA
Highway n
Pacifism
MB
La
bell hooks
MD
Kent Rollins
Guam
ME
MG
Cantabria
Louisiana State Route X
Israel Oxley
1098.0
MI
Shizuoka-ken 434-0033
Lauren Kyles
Danika Brysha
MN
MO
MP
MS
MT
Yunnan
Ruth Noemí Colón
North-Rhine Westphalia
Brandon Soverall
Monmouthshire
NB
NC
ND
NE
NH
Ram Narayan
NJ
Mi
Meg Hall, Caterer, Made by Meg, Redondo Beach, CA
NL
United States Congressional Delegations from Massachusetts
NM
Bern
Delhi
the Federal Territories of Malaysia
Lucy Felong, Hometown: Hightstown, NJ
Mq
1041.0
NS
Women's Equality Day
Madhya Pradesh
NT
NV
Raphael Martone
O. Henry
NY
Will Salazar
Kris Wessel, Chef and Restaurateur, Red Light, Miami, FL
Category:Avocations
OH
William F. Buckley, Jr.
France
OK
Usama Mukwaya
Blake Orchard, Sous Chef, BLD Restaurant, Los Angeles, CA
ON
OQ
WikiLeaks
OR
914.0
Alexander Treadwell
Rachel Klein, Executive Chef, Seaport Hotel, Boston, MA
Idaho Route X
James F. Byrnes
Central Visayas
Timothy Peterson, Sous Chef, Beauty & Essex and The Stanton Social, New York, NY
PA
PB
PE
Roro Morales
PI
Daniel Fleming
PR
Ptolemy
Laila Ali
Indiana
Natilee Giles
'''18-4
Marcus Samuelsson
Himachal
Elizabeth Mwanda, Founder, Winning Diabetics, New York, NY
Bahamas
Alabama Territory
QC
Jeremy Fleming, Sous Chef, Bar Bolonat, New York, NY
Idaho Territory
Piauí
Steve Eakins, Executive Chef, Ditch Plains, New York, NY
Susie Blue McWilliam, Redwood, Portland, OR
Remy Ayesh, Culinary Instructor, French Culinary Institute, New York, NY
Jonathan Mailo, Chef de Cuisine, BLT Prime, New York, NY
QQ
Martin Horsey
Sinbad, Charity: Downtown Dog Rescue
1347.0
Giorgio Rapicavoli
Sister Alicia Torres
British Columbia
Eric McCarthy, Executive Chef, Tamarind Tribeca, New York, NY
Rodney Henry, Pie Maker, Dangerously Delicious Pies, Baltimore, MD / Washington, DC
Trishul Manoj
Alex Rodil
Sonya Coté, Executive Chef and Owner, Hillside Farmacy, Austin TX
RI
RJ
Sean Brasel, Executive Chef, Meat Market, Miami, FL
RN
n/a-n/a
Saint Kitts and Nevis
RO
New Brunswick
RR
Hamilton Fish
RS
Jimmy Fallon
Dubai
SA
SC
SD
SE
1410.0
1819.0
SK
Ella Rutiaga
Lester Walker, Executive Chef, Copia, New York, NY
Alfred Kinsey
Sigourney Weaver
SP
Chris Nirschel
Dustin Gauvain, Executive Chef, Front Steps, Austin, TX
Rachelle Rodwell, Chef de cuisine, SoHo Grand Hotel, New York, NY
New Haven Colony, Connecticut
French Republic
1160.0
New Mexico
500.0
Lee Farrington, Chef and Restrauteur, Figa, Portland, ME
TN
TO
Molly Bhuiyan, age 17, New York, NY
Sq
Union Territory
TX
Elbridge Gerry
Pyrénées-Orientales
Tamil Nadu
New Territories
UK
Étienne de La Boétie
Negros Island Region
N-Z
557.0
Dean Rucker, Private Chef, Malibu, CA
UP
UQ
Tq
US
UT
Kent Rollins, Cook and Chuckwagon Owner, Red River Ranch Chuck Wagon, Byers, TX
Caryn Cummings
Rique Uresti, Spin Instructor, New York, NY
Natalia Machado, Junior Executive Chef, Industria Argentina, New York, NY
620.0
1632.0
Warren G. Harding
VA
Emma Immanivong
Lola Garand, Consulting Chef, New York, NY
Gary Ly
1214.0
VI
Helena Petrovna Blavatsky
Texas
Christian pacifism
Tre Ghoshal
VT
VU
Annabella Kumar
N/A
Sung Kim, Private Chef, New York, NY
Angelina Jolie
Helen Park, Executive Chef, New York, NY
County Durham
Artie Wachtel
Mariko Wilkinson
Michael Chen, Executive Sous chef, Yellowtail Japanese Restaurant & Lounge, Las Vegas, NV
677.0
WA
Firefly
expanded to put the box in expanded state initially
Marc Murphy
Elisha Weitz
Kinnan Dowie
Hunter Zampa
Mary Rusch, Chef and Restaurateur, Hash House, Las Vegas, NV
Tommy Davidson, Charity: Down Syndrome Foundation of Florida
WI
Netherlands
Nyanza Province
Alaska
WQ
collapsed;
WV
Alexis Ferguson
WY
Jon Bignelli, Sous chef, wd~50, New York, NY
South Dakota
Tek Moore, Executive Chef, Le Barricou, Brooklyn, NY
740.0
Province of Hohenzollern
Alyssa Chacon, age: 17
Shehu Fitzgerald, Chef, Ritz Carlton, New York, NY
Lisa Keys
Travis Loftland
Chihuahua
Elisabeth Watkins
Jeremiah Bullfrog, Chef and Owner, gastroPod Mobile Gourmet, Miami, FL
Ben Sargent, Seafood Chef, Brooklyn, NY
1752.0
Henan
Natasha Pogrebinsky
James G. Blaine
Eric Levine, Executive Chef, Encore Catering, East Hanover, NJ
Heidi Greening, Georgetown, TX
Joe Rego, Executive Chef, Club Opera, Atlanta, GA
Jonas Park, 16
Cody Utzman, Chef and Restaurateur, Brooklyn Standard, New York, NY
Cris Spezial, Caterer, Nyack Gourmet, Nyack, NY
Carpet
Lorraine (region)
Niccolò Machiavelli
615.0
Cayman Islands
Kwa-ZuluNatal
Adrienne Grenier, Sous chef, 1501 Chop House , Charlotte, NC
Rumi
1574.0
Catalonia
Sonic the Hedgehog
Abraham Lincoln
Rique Uresti
Tobacco
Telangana State
Elizabeth Oakes
Mark Murray, Private Chef, Stanford, CT
Franco Fugel, age: 14
New Jersey 07753
Katherine See, Executive Chef, Kingfish Hall, Boston, MA
Mike Bianco
Hong Kong
Megan Fells, Chef and Restaurateur, The Artist's Palate, Poughkeepsie, NY
nsw
Magallanes Region
Satyajit Ray
Ken West
Bryon Freeze
1704.0
Sunny Anderson
Symplectic geometry
Noakhali-3814
[]
James Gillespie, Culinary Instructor, New York, NY
Uasin Gishu County, Rift Valley
Turkish proverbs
United Kingdom
Bactria
Karachay-Cherkessia
1694.0
Evelyn Garcia, Junior Sous Chef, Kin Shop, New York, NY
Edmund Randolph
Haley Mattes
Harold Moore, Chef and Restaurateur, Commerce, New York, NY
Van Dao, Chef and Restaurateur, Biscuit Bender, San Francisco, CA
13.5
Schleswig-Holstein
Jackie Lee, Private Chef, New York, NY
Bainbridge Colby
1334.0
Kedah
Maristella Innocenti, Owner and Chef, Matilda, New York, NY
1587.0
Weil conjectures
State Road XX
Anette Kreipke, Ridgefield, NJ
Osun State
Bayelsa
Peloponnese
Aggregate scores
Rosie Martone
Momo Attaoui
Tasmania
Mark Bailey
Mina Newman, Executive Chef, Christos Steakhouse, Astoria, NY
Monique Barrow, Sous chef, Murphy's, Atlanta, GA
Hradec Králové Region
Smriti Irani
855.0
Rosalind Balducci, Personal Chef / Caterer, That Personal Touch Cuisine, New York, NY
Dita Von Teese
Clarence Thomas
Samantha Haas, 16
Catherine Zeta-Jones
Kevin-Prince Boateng
Lower Saxony
Porcupines
Pennsylvania 23px|Flag of Pennsylvania
Alexandria Brooks, Hometown: Voorhees, NJ
'29–19
Nigel Spence, Owner and Executive Chef, Ripe Kitchen and Bar, Mt. Vernon, NY
Julie Delpy
1454.0
Alyanie Villahermosa
Barbara Esmonde, Executive Chef, Mediterranean Catering, Wynnewood, PA
Federal Capital Territory
Montana Territory
Steve Yen, Sous chef, Catch, New York, NY
Mississippi Territory
Jack Crabb
Henry L. Stimson
Cass Quinlan Ashford
Bryce Shuman, Sous chef, Eleven Madison Park, New York, NY
VIC
Debra Whiting, Chef and Restaurateur, Red Newt Cellars Winery and Bistro, Hector, NY
Denzil Richards
Denmark
Lisboa Region
Jamie Adams, Executive Chef, Veni Vidi Vici, Atlanta, GA
Erica Beneke, Executive Chef, Max's Wine Dive, Austin, TX
uncollapsed
Australian Capital Territory
List of United States Representatives from Illinois
Kaley Demarest
Texas 78701
1351.0
Wentworth Miller
Category:King's College London
Timothy Pickering
1035.0
Marc Pavlovic, Culinary Instructor, The French Culinary Institute, New York, NY
Michael Maroni, Chef and Restaurateur, Maroni Cuisine, Northport, NY
British Columbia, Alberta, Saskatchewan, Manitoba
Łódź Voivodeship (1919-1939)
Kamchatka Krai
Northwest Territory
Salzburg (state)
Caguas Puerto Rico
in bankrupt
  industry         = telecommunications
Marc Hodorov
'''25–9
Ricardo Cardona, Executive Chef, Sofrito, New York, NY
au
Hidalgo (state)
Jay Urena, age: 17
443.0
Allison Kave
Nicole Mummolo, Sous chef, La Puerta Azul, Millbrook, NY
Jacoby Ponder, Chef, U.S. Navy  / Personal Chef, Fire Syde Chef, Virginia Beach, VA
Puerto Rico
Pasquale Frola, Executive Sous Chef, Naples 45, New York, NY
José de San Martín
1168.0
550.0
Bosnia
Talia Thessen
W. H. Auden
Dakota Territory
several Provinces
Claire Handleman, Culinary Producer, The Chew, New York, NY
Peter Giannakas, Chef and Restaurateur, Ovelia Psistaria Bar, New York, NY
Hugh Trenchard, 1st Viscount Trenchard
Shanna Pacifico, Chef de cuisine, Back Forty, New York, NY
Lindsay Hayes
Fatima Ali
Mike Gowland, Chef and Firefighter, Manning's Eat-Drink-Cheer, New Orleans, LA
Amber Brauner
Kenny Gray, Sous chef, Olivia Restaurant, Austin, TX
Bradley Boyle, Chef and Restaurateur, Salt Gastro Pub, Byram, NJ
Arab Spring
Juerg 'Fed' Federer, Chef & Instructor, Sex on the Table, New York, NY
Adrianna Montano
Durango
Laura Cheng
Salzburg (Bundesland)
Bicol Region
Route xx
Tajikistan
Khomas Region
Eliana de Las Casas
Rory Philipson, Chef and Owner, The Blue Bottle Cafe, Hopewell, NJ
Michael Chekhov
Max Müller
Espírito Santo
617.0
Chihuahua (state)
Anna Porter
Pomeranian Voivodeship (1919-1939)
Oregon Route X
Stanley Myers
Ondo State
Transvaal
South Wollo
Jude Huval, Executive Chef, Pat's Fisherman's Wharf, Henderson, LA
New Hampshire Route X
Frank Whittaker, Executive Sous chef, Fishtail by David Burke, New York, NY
813.0
1693.0
Heiner Aichem, Executive Chef & Owner, Black Forest Inn, Stanhope, NJ
Victor Cabezas, Chef and Owner, Misaví, Totowa, NJ
Dylan Hallas, Executive Chef, Petit Ermitage Hotel, West Hollywood, CA
Sabrina Swee
1275.0
5.2
Italy
Matthew Arlington
Ingrid Wright, Sous chef, Exchange Alley, New York, NY
5.4
5.5
Louisiana (U.S. state)
5.6
Phillip Dell, Private Chef, Sin City Chefs, Newport Beach, CA
5.8
5.9
Samantha McClerran
Parachinar
Brandenburg
Millie Fernandez
Samuel Pepys
Uttar pradesh
Haute-Garonne
Frederick Theodore Frelinghuysen
s State of Württemberg
Puducherry
800.0
Janine Gray, Chef and Restaurateur, The Inn at Osborne Hill, Fishkill, NY
Parthian Empire
Mary Brent 'M.B.' Galyean, Expedition Chef
Death Note
Uttrakhand
Jacques Gautier, Executive Chef and Restaurateur, Palo Santo, Park Slope, Brooklyn, NY
Philander C. Knox
Lyssie Lakatos & Tammy Lakatos-Shames
Nadege Fleurimond, Caterer, Fleurimond Catering, New York, NY
Tyler Anderson, Executive Chef, The Copper Beech Inn, Essex, CT
Monica Byrne, Chef and Restaurateur, Home/Made, Brooklyn, NY
1155.0
Jean-Pierre Serre
790.0
Jennifer Cole, Executive Chef, Taberna, New York, NY
Serbian Despotate
qld - New South Wales
Eliana de Las Casas, 15
Charlie & Michael Kalish
Eliza Roth
Michoacán
Cundinamarca Department
Indiana Route X
Marie-Claude Mendy, Chef and Restaurateur, Teranga, Boston, MA
981.0
Bruce Willis
California and Nevada
Charles Oakley, Charity: Save Our Strength
New Mexico Territory
Garrett Eagleton, Freelance Chef, The Meat Hook, Brooklyn, NY
Uttar Pradesh, Rajasthan, Gujarat
Paul Watson
Mirna Attar, Chef & Restaurateur, Ya Hala Lebanese Cuisine, Portland, OR
808.0
Saskatchewan
'''24–17
Michael Israel, Food Truck Chef/Owner, MOE Deli, Los Angeles, CA
Gemma Gray, Executive Sous Chef, Andaz, West Hollywood, CA
Baden-Wuerttemberg
Saxony
Veneto
Salmaan Taseer
Cory Bahr, Chef and Restaurateur, Cotton, Monroe, LA
Mary Sue Milliken, Charity: No Kid Hungry
Washington (state)
Betsy Rodriguez, Sous chef, The Goodwin, New York, NY
1512.0
Shanice Fleming, Line Cook, Root and Bone, New York, NY
Guanajuato
Jim Gibbons
Samia Behaya, Chef & Restaurateur, Simple Café & Restaurant, Brooklyn, NY
Mitchell Faber
P versus NP problem
Keyanna McBryde
Crystal Fox, Chef, Sisters Night Club, Philadelphia, PA
Stan Hays
Hannah Stowe
Atom
off
Kelsey Nixon
Fabio Viviani, Charity: ALS Association
Mikayla Jones
Osho movement
Bauchi State
William McKinley
Enrico Bombieri
Emily Hahn, Executive Chef, Warehouse, Charleston, SC
1395.0
1040.0
Free State of Anhalt
New York state
Kelvin Fernandez, Chef de cuisine, Strand Hotel, New York, NY
Carter Cassola
VA 22902
Rey Martinez
El Salvador
Aidan Friedson
Papua (Indonesian province)
Corozal
Krista Espinal
Kerala
New York State Route X
Matt Murphy, Executive Chef, The Irish House, New Orleans, LA
State Route X  or Virginia Route X
Ashley Pado
1097.0
915.0
Jason Netro
Cassidy Tryon
2.44
Lombok
William L. Marcy
Vladimir Voevodsky
Parind Vora, Chef and Restaurateur, Restaurant Jezebel, Austin, TX
RAW / RAW+JPEG: 3 frame/s, up to 9 frames, JPEG Extra Fine: 3 frame/s, up to 12 frames, JPEG Fine: 3 frame/s, up to 15 frames, JPEG Standard: 3 frame/s, up to 19 frames
Renita Mendonca, Culinary Instructor, Cambridge School of Culinary Arts, Cambridge, MA
Jharkhand
expand
Hà Nội
Abel P. Upshur
Stealth
Tehran,
1405.0
Anthony Paris, Executive Chef, Crosby Street Hotel, New York, NY
Mona Ziabari , from: Lehigh Valley,PA
Mustafa Abdul Jalil
ni
Yvan Lemoine, Chef, New York, NY
no
Illinois Territory
Tennessee
nt
Gason Nelson, Private Chef, Full of Flavor, New Orleans, LA
Jackie Baldassari, Roundsman, Olde York Country Club, Chesterfield, NJ
John Manners, 7th Duke of Rutland
Charmed
Nelson Andreu
Mark McMann, Sous chef, Kefi, New York, NY
Sean Scotese, Freelance Chef, New York, NY
Podlaskie Voivodeship
Tehran
Lucas Grabeel, Charity: Harmony Project
430.0
Emily Frith, Caterer, Corner Market Catering Co., Nashville, TN
pa
Jeremy Spector, Chef and Restaurateur, The Brindle Room, New York, NY
1525.0
Chrissy Camba
Dushyant Singh, Executive Sous chef, Wild Horse Pass Resort and Spa, Phoenix, AZ
North Holland
Tennessee (U.S. state)
Lewis Berryhill
Noah Jenkins
Jeremiah Valeroso
Taryn Mumpower, Baker, Pick Your Poison Bake Shop, Las Vegas, NV
1106.0
Bavaria
The Dark Knight Rises
1818.0
Ludwig Wittgenstein
Aatul Jain, Executive Chef, St. Clare's Hospital, Denville, NJ
Third quarter score
Sister Sara Marks
Guangdong
Washington Territory
Mecklenburg-Western Pomerania
Mo Major, Sous Chef, Bartaco, Port Chester, NY
Victor Vinson, Chef, U.S. Army  / Personal Chef, Huntington Beach, CA
Robert Burmeister, Executive Chef and Co-Owner, Chow Gourmet Kitchen, Staten Island, NY
Illinois
London
1751.0
318.0
Sophina Uong
Jeff Cooper
Jean Piaget
Saxony-Anhalt
NLE
autocollapse
Stephen Breyer
Tom Mckenna
'''21-12
Chuck Zito
sa
Emilie Friedman, Personal Chef, New York, NY
Edward Snowden
Steve Jackson, Personal Chef, Chicago Bulls, Chicago, IL
Highway nn, Arkansas nn
Aarthi Sampath
Chai Trivedi, Sous chef, Buddakan, New York, NY
Nicky Lennox
1096.0
Georgia (U.S. State)
Jun Robles, Chef de Cuisine, Oven and Shaker, Portland, OR
Rio de Janeiro
Matthew Marchese, Personal Chef, New York, NY
Eric Greenspan, Charity: Stu and the Kids
Nick Williams
Matt Grieco
Jen Phanomrat
District of Columbia Route X
Cameroon
(game called with 4:23 remaining in 4th quarter due to power outage)
Alvin Zhou
Miles McKirdy & Stephanie Rizzolo
List of WWE alumni (N–R)
Roxanne Spruance
678.0
Oman
Humphry Davy
Arkansas State
Nong Poonsukwattana
Tia McDonald
1511.0
Mike Minor, Executive Chef, Border Grill at Mandalay Bay, Las Vegas, NV
Seth Carter
Arizona Territory
Michigan Territory
Morelos
Romilly Newman, 'Little Girl in the Kitchen' food blog, New York, NY
Siggy Sollitto, Chef and Restaurateur, Siggy's Good Food, Brooklyn Heights, NY
741.0
Albert Shim, Food Truck Owner, Belly BombZ, Los Angeles
Dalarna & Västmanland
Peter Karapanagiotis, Executive Chef, Privé Mediterranean Restaurant, Philadelphia, PA
Michael Grimm
Western Cape
Eleanor Wolper, Executive Chef, New York, NY
Ian Fleming
Lisa Beels, Executive Chef and Entrepreneur, Haute Palate and Petite Palate, New York, NY
Milton Enriquez, Executive Chef, Compass, New York, NY
Vanuatu
John Creger, Head Chef, Gallow Green, New York, NY
Whig Party (United States)
Jordan Andino, Executive Chef, SideBAR, New York, NY
M‑nn
x=
Soraya Sobreidad
Evo Morales
wa
'21–15
life
California 91402
Chittagong
Chris Sell, Chef and Restaurateur, Chipshop, Brooklyn, NY
Srinivasa Ramanujan
Sgt. Pepper's Lonely Hearts Club Band
Ebola virus epidemic in West Africa
Lauren Zilberman
Frances Tariga, Private Chef, United Nations, New York, NY
Hermann Hesse
861.0
Johnny McLaughlin, Chef and Restaurateur, Heartbreaking Dawns, Rosendale, NY
Bella Gross
Cat Cora
Birch and Swinnerton-Dyer conjecture
Gillian Vigman,  Charity: Go Campaign
Tynan Gibson, Chef de Cuisine, Tasty n Sons, Portland, OR
New Jersey
Hop Phan, Food Truck Chef/Owner, Dos Chinos, Orange County, CA
Marc Anthony Bynum, Executive Chef, Venúe 56, Hauppauge, NY
Republic of Serbian Krajina
Christopher Thames, Caterer, Distinctive Fare Catering, Philadelphia, PA
Ashley Fahr, Caterer & Food Stylist, New York, NY
798.0
Guillaume Thivet, Executive Chef, Bouley Bakery and Market, New York, NY
Khyber Pakhtunkhwa
736.0
Chris DeBarr, Chef and Restaurateur, The Green Goddess / Serendipity, New Orleans, LA
Ian Kokkeler, Chef, Trace Restaurant at W Austin, Austin, TX
Tianji
Lee Kernaghan
-15
NRW
Approx. 2.3 frame/s
Chris Avtges, Food Service Director, Eastern Connecticut State University, Willimantic, CT
Michael Bicocchi, Executive Chef, Flex Mussels, New York, NY
Erin Smith
Robert Lansing
Giorgio Rapicavoli, Executive Chef, 660 at the Angler's, Miami Beach, FL
Sassan Rostamian
Mary Daly
Autonomous Region in Muslim Mindanao
-21
Anguilla
North-Eastern France
Teah Evans, Chef, FireFly American Bistro, Manasquan, NJ
NSW
Reviews
Cookie Dutch
Representation theory
South Africa
Henry E. Steinway
Mark Twersky, Cullinary Instructor, The French Culinary Institute, New York, NY
Nathanial Zimet, Chef and Restaurateur, Boucherie, New Orleans, LA
Tenacious D
Nagano Prefecture
Nicholas Porcelli, Executive Chef, Shhh, New York, NY
David Greco, Chef and Restaurateur, Arthur Avenue Trattoria and Mike's Deli, New York, NY
Noord-Holland
Sunny Hostin
Turkana
Iain Falconer, Chef, Cooper's Mill, Tarrytown, NY
Metropolitan Manila
POL województwo poznańskie II RP COA.svg
Al-risafa
1573.0
Deborah Gelman, Executive Chef, NYU Law, New York, NY
Nico Romo, Culinary Director/French Master Chef, Fish Restaurant, Charleston, SC
1213.0
Venezuela
David Guas, Chef and Restaurateur, Bayou Bakery, Arlington, VA
Ethan Benson
Laili Ali from both  and
856.0
Louisiana
New South Weles
Selangor Darul Ehsan
Mike Davis
Islamic State of Iraq and the Levant
Online
Lauryn Mitchell
Pennsylvania Route nn
Michael Lettieri
Chris Leahy, Executive Chef, Lexington Brass, New York, NY
Central
Lower Austria
Syrian Opposition
James Briscione
Federal Reserve System
Western Visayas
Rory MacDonald, Head Pastry Chef, Tocqueville, New York, NY
Vucic 'Vulé' Dabetic, Executive Chef, Arcane, New York, NY
Pen: 3–0
Remmi Smith, 15
Wa State
Rose Ludwig, Culinary Instructor, Le Cordon Bleu, Los Angeles, CA
Smallpox
Naved Ferdinans
Sagarmatha
Group theory
976.0
Belarus
1421
Mon State
Vojvodina
Frederik De Pue, Executive Chef, Smith Commons and 42˚ Catering, Washington, DC
Eli Irland, Sous Chef, The Flintridge Proper, La Cañada, CA
1333.0
Arthur Stanley Eddington
Kathy Wakile
H. P. Lovecraft
Ferris Bueller's Day Off
Oklahoma Territory
Styria
Andre Beteille
Robert Magsalin, Chef and Entrepreneur, Fükü Burger, Los Angeles, CA
Silvia Baldini
in development
Iraqi Kurdistan
Mizoram
Nick Lisotto
Advent
Adam Greenberg, Corporate Executive Chef, Barcelona Restaurant Group, Norwalk, CT
Insect
Sonora
Ryan Profetto
assam
Jill Falgiano
Metro Manila
John P. Greco, Chef and Restaurateur, Philip Marie, New York, NY
Vic
April Stamm, Chef Team Leader, Prepared foods at Whole Foods Market, New York, NY
Dominican Republic
Neil Fuentes, Personal Chef, New Haven, CT
491.0
Angie Mar
Laura Henry-Zoubir, Culinary Director, Dramshop Hospitality, Boston, MA
James Mattis
Shinichi Mochizuki
Tiffany Minter
Dave Ward, Executive Chef, Thomas Preti Catering, Long Island, NY
Jammu and Kashmir
England
Danny Ganzman, age: 15
Panjshir Province
Cayo
Württemberg
Falcón
Christine Campbell, Butcher and Private Chef, Long Island, NY
Daniel Kligmann
Zamboanga Peninsula
Negros Oriental
Anzoátegui
CA IL MA MD MI NJ NY PA WA
431.0
James Joyce
Pennsylvania 19134
Thomas Beecham
Chris Santos
Petr Chelčický
George Orwell
Uvs Province
People's State of Hesse
Jackie Sappington
Spanish Sahara
Galen Zamarra, Chef and Restaurateur, Mas (Farmhouse), New York, NY
671.0
18111
Ric Orlando, Chef and Restaurateur, New World Home Cooking, Saugerties, NY
Ivory Coast
618.0
Isaiah Frizzell, Supper Club Chef, Feast Underground Supper Club, Los Angeles, CA
Dafna Mizrahi
Brooklyn Park, MN, USA
Connecticut, 06333
Eddie Canlon, Chef and Restaurateur, Canlon's Restaurant, Staten Island, NY
Mikayla Layng, Hometown: Lynbrook, NY
Holly
Michael Carrino, Chef and Owner, Restaurant Passionné, Montclair, NJ
United States Virgin Islands
Eugene O'Neill
North Dakota
The Perks of Being a Wallflower
Somerset
Carmine DiGiovanni, Chef de cuisine, Picholine, New York, NY
Stephen Hartigan, Private Chef, The Field, Bridgeport, CT
Walter de la Mare
Drew Friedman
Lizzie Singh-Brar, Executive Chef, Fanny, Brooklyn, NY
Aarti Sequeira
Mustapha Rahiim, Executive Chef, New York, NY
Angela Majko, Sushi Chef, Uchiko, Austin, TX
George C. Marshall
Kate Squibb, Sous chef, 158 Café, South Portland, ME
Abia State
Sam Nuckols, Chef de Partie, Womack Restaurant, Los Angeles, CA
Joseph Gloss
Adrianne Wadewitz
6.5
Up to 7 frame/s max in Speed- Priority mode.
Rondônia
Manyara Region
Johor
738.0
Juan Antonio Villacañas
Kimberly Parris, Personal Chef and Caterer, K. Parris Catering & Personal Chef Service, New York, NY
United Nations
Jeff Mauro
Tenzin_Gyatso,_14th_Dalai_Lama
Christopher Nguyen, Chef Consultant, Keo Asian Restaurant, York, PA
Emily Sims, Executive Chef, Ici, New York, NY
801.0
Trinidad
Einat Admony, Chef and Owner, Taïm, New York, NY
Richard Fields
Tommy Werther
Kaley Laird
Rudy Poindexter
Peanuts
Dead
1341.0
Lucas Manteca, Chef/Restaurateur, Sea Salt and Quahog's Restaurants, Stone Harbor, NJ
Hannah Robins
William Butler Yeats
791.0
John M. Hay
Melinda Beaulieu, Private Chef and Nutritionist, New York, NY
Greg Ling, Consulting Chef, Wilmington, DE
Ben Durham, Executive Chef, Four Food Studio, Melville, NY
Margaritte Malfy, Executive Chef and Co-owner, La Palapa, New York, NY
Georgia State Route XX
Ludwig Boltzmann
921.0
National Capital Region
Adrianne Calvo, Chef and Restaurateur, Chef Adrianne's, Miami, FL
Thomas F. Bayard
1398.0
NY 10457
American Samoa
James A. Garfield
Alabama
Josh Lewis, Head Chef, Better Being Underground, New York, NY
Thüringen
Saitama
Colorado
NY 10462
Jackie Khanich
Laercio 'Junior' Chamon
Ronald Fisher
Sogdia
East Tyrol
Adamawa State
Prince Edward Island
Hunan
Koshi
People
NY 10469
Zeb Stevenson, Executive Chef, Livingston Restaurant and Bar, Atlanta, GA
Ross Gill, Executive Chef and General Manager, Home Restaurant, New York, NY
Parkour
858.0
1461.0
Guangxi
Chris Jaeckle, Sous chef, Morimoto, New York, NY
Peter Klein, Executive Chef and Part Owner, Chow Bar, New York, NY
Province of Schleswig-Holstein
Tony Biggs, Director of Culinary Operations, Second Harvest Food Bank, New Orleans, LA
Vito Facciabene, Chef, Bronx, NY
Masovian Voivodeship
Nicole Puzio, Executive Chef, Ox Restaurant, Jersey City, NJ
Andres Figueroa, Executive Chef, Antojeria La Popular, New York, NY
Leah Wilcox, Chef and Owner, Babycakes Food Truck, Chicago, IL
Crimea
* 
*
Quentin Donnaud, Executive Chef, Coast Seafood & Raw Bar, Atlanta, GA
Marc Spooner, Production Chef, Great Performances Catering, New York, NY
Grenada
Jennifer Iserloh, Private Chef and Author, Secrets of a Skinny Chef food blog, Hoboken, NJ
Melissa Muller, Executive Chef, Organika, New York, NY
Jonathan Kavourakis, The Stanton Social, New York, NY
WI 53201-1881
Hilda Hilman, Owner, Bumbu Food Truck, Seattle, WA
Republika Srpska
Stone Cold Steve Austin
Jason Rivas, Chef de cuisine, South Coast Winery Resort & Spa, Temecula, CA
Malaysia Airlines MH370
Serena Williams
Derek Gigliotti, Executive Chef, Onda Ristorante, Mirage Resort, Las Vegas, NV
Poincaré conjecture
1030.0
Theresa May
Zoe Feigenbaum, Chef and Restaurateur, Zoë, New York, NY
Plants
Northern Ireland
Rangpur Division
Joseph Miller, Chef and Restaurateur, Joe's Restaurant, Venice Beach, CA
1163.0
Chesty Puller
Marcel Vigneron, Charity: L.A. Kitchen
929.0
Central District (Botswana)
Virginia
Arvin Dhansew, Catering Chef, Relish Caterers, New York, NY
Maurizio Crescenzo, Chef & Restaurateur, Grano Trattoria, Traverna di Bocco, New York, NY
Ellen Adams
Marvdasht
up to 12 Frames Per Second
Joshua Pantoja
916.0
Open source
Kansas Territory
Florida Territory
Brandon Peacock, Executive Chef, Dat Spot..., San Francisco, CA
Yazmene Kaylani, age: 16
Traci Lords
Immortal Technique
Diana Sabater
Toyama Prefecture
Bill Richardson
Elise Kornack, Sous chef, Aquavit, New York, NY
Damien Brassel, Executive Chef, Knife + Fork, New York, NY
1043.0
Azad State of Jammu and Kashmir
Ryan Ross
Oregon; New York
Abe Lopez, Chef de cuisine, Pacifico, Center Valley, PA
Flight of the Conchords
Yamaguchi Prefecture
Brandi Chastain  and
Jesse Kramer, Chef and Restaurateur, Brooklyn Taco Co., New York, NY
Fukushima Prefecture
1270.0
Victoria (Australia)
Billy Brigtsen, Chef, Brooklyn, NY
Demetrio Zavala
1515.0
Michael Madigan, Chef and Restaurateur, Snails and Quails / Farm 2 Bistro, New York, NY / Nutley, NJ
Cole Dickinson, Chef de cuisine, ink., Los Angeles, CA
Richard Olney
Emma Scher, age 17, Ridgewood, NJ
Talia Shapiro
Tom Cruise
Lauren Poplaski
Christopher Jacobs (politician)
Sarah Arkwright, Food Truck Owner, The Egg Carton, Portland, OR
Paraná (state)
Union territory
Paul 'Poppy' Yeaple, Chef and Restaurateur, Poppy's Burgers and Fries, Beacon, NY
Emily Chapman
Marisa Biaggi, Public Relations, Orange Agency, New York, NY
Walter D'Rozario, Chef de cuisine, Junoon, New York, NY
Ava de Los Santos
Approx. 4.5 frame/s
David Kirschner, Sous chef, W Hotel, Hoboken, NJ
Steve Overlay, Chef and Executive Pitmaster, Memphis Championship Barbecue, Las Vegas, NV
MD, 21203
Yogyakarta Special Region
State Route x or Route x
Bruce Kalman, Executive Chef, The Churchill, Los Angeles, CA
Henry McDaniel
Chris Burke, Private Chef, New York, NY
Mackenzie Hilton, Executive Chef, Mercato Restaurant, Philadelphia, PA
John Forsyth (Georgia)
George V of the United Kingdom
1150.0
U.S. Virgin Islands
Colorado Territory
Maneet Chauhan
1283.0
684.0
Bryon Peck, Chef and Restaurateur, Elizabeth's Restaurant, New Orleans, LA
Emma Goldman
Logan Walker
Tichina Arnold
Erica Schaal, Private Chef & Caterer
San Luis Potosí
Gillian Clark, Chef and Restaurateur, The General Store, Silver Spring, MD
Glenn Tilbrook
Heather Priest, Personal Chef, Greenwich, CT
Papua New Guinea
1336.0
Michelle Firlit-Garcia, Pastry Chef, Bleeding Heart Bakery, Chicago, IL
Isabella Wylie
Ohio 44004
Wales
John Atkinson, Chef and Restaurateur, North End Café, Manhattan Beach, CA
Philo
Alaotra-Mangoro
Married
559.0
Arnold Vinick
Rio Grande do Sul
Natalie Coughlin
Tara Thomas, Executive Chef / Owner, Traxx, Los Angeles, CA
P-Z
State Route X  or Route X
Joe Landa, Executive Chef, Jewish Theological Seminary, New York, NY
New Taipei City
1532.0
622.0
439.0
up to 3.6 frame/s, max 12 frames
Christopher Marlowe
Rick Browne, Chef and Author, Seattle, WA
Raymond Jackson, Private Caterer and Culinary Instructor, Westchester County, NY
Molecule
Scientology
?-?
Enda Kenny
Marie-Claude Mendy, Executive Chef/Owner, Teranga, Boston, MA
Namibia
Running
492.0
Crosby Tailor
1216.0
Elihu B. Washburne
Pippa Calland, Owner and Chef, Chef for Hire LLC, Newville, Pennsylvania
Natacha Supplice
679.0
Graubünden
Lisa Schoen, Executive Chef and Food Stylist, Mad River Post and In Your Kitchen, New York, NY
Janelle Reynolds, Caterer and Personal Chef, @ Large Catering and Private Chef Services, Austin, TX
Washington
Jamming and Kashmir
Jenn Cheng
Anton Chekhov
Kristen Davis, Personal Chef, Long Island, NY
Kat Ploszaj, Executive Chef, Petit Oven, Brooklyn, NY
1456.0
Nealy Frentz, Chef and Restaurateur, Lola, Covington, LA
Jeff Eng, Executive Chef, Clyde's Tower Oaks Lodge, Rockville, MD
Sikkim
742.0
Melinda Dorn, Sous chef and Instructor, New York, NY
Justin Kennedy, Chef, Parkway Bakery & Tavern, New Orleans, LA
Hesse-Nassau
Darius Peacock, Executive Chef, Exceptional Taste Catering, Trenton, NJ
Up to 1.3fps
Czech Republic
n/a-13
Mike Kollarik
James Lee, Chef and Restaurateur, New York, NY
John Perkins
the Basque Country
Nick Di Bona, Executive Chef, Peter Pratt's Inn, Yorktown Heights, NY
Dean Rusk
Gillian Anderson
862.0
Wei Wen, Executive Chef, Susanna Foo Gourmet Kitchen, Radnor, PA
Stephen Foster
Pamela & Wendy Drew
Colombia
Computational fluid dynamics
up to 2.5 frames per second
State Route X
1349.0
Simona Alomary
Flannery Klette-Kolton, Caterer, Big Little Get Together, New York, NY
Jemell Simpson, Caterer, Taste My Expression Catering, New York, NY
Vaud
Free State of Brunswick
Ally Kustera
M to Z
Pen.: 5–6
Colin Kruzic, Executive Chef, New York, NY
799.0
Honduras
Amelia Carpentieri
Eminem
Uasi Ngishu County
Indianapolis
Sandy Davis, Catering Chef, Showstoppers Catering at Union Theological Seminary, New York, NY
982.0
Borno State
War
ecology
Zeta
Arizona 85280-0937
Gjirokastër County
Mississippi 38732
Delta State
2122.0
Peter Lee, Caterer, Chef Pete's Catering Company, Orange County, CA
Hodge conjecture
Robert Smith (cabinet)
yes
Hezbollah
Mormonism
Uzbeksitan
Cartago Province
Tutong District
Sun Tzu
Melissa Torre, Cookie Confidential, Owner & Baker, Philadelphia, PA
Cole Poolaw, Executive Chef, Barsa Tapas Lounge, Charleston, SC
British Virgin Islands
Alaska Territory
Robyn Almodovar
920.0
Robert Finn, Chef de cuisine, Fatty Crab, New York, NY
Miguel Escobedo, Chef and Restaurateur, Papalote Mexican Grill, San Francisco, CA
Lucy Chelton
Differential geometry
Sophia Starr
Micah Riedmann
Randall Munroe
Terengganu
Michael Jenkins, Line cook, Butter, New York, NY
Keshab Chandra Sen
John Horton Conway
Hugo Black
Pangasinan
2824
Ernest Hollings
Monagas
Jessica Mogardo, Executive Pastry Chef, New York, NY
1091.0
Ukraine
Caraga
Tirol (Bundesland)
Keith Young
House
Khwarezm
857.0
Connecticut
Bermuda
Performance
Jamaica
Jeffrey Saad
'''19-11
Bonnie Kepplinger
Glass
Charles Evans Hughes
Patricio Sandoval, Chef and Restaurateur, Mercadito, New York, NY
Amanda DeFuria
Nikki Hill, Chef & Caterer, Earl's Gourmet Grub & La Copine, Los Angeles, CA
Monique King, Chef and Owner, Firefly Bistro, South Pasadena, CA
Seoul
Danielle Saunders, Private Chef, New York, NY
West Bengal
Mombasa County
Bruce Marais
Franco Barrio, Chef and Restaurateur, Caliu, New York, NY
Robert Painter, Sous Chef, Biagio's Osteria, Stratford, CT/ Engine 63, F.D.N.Y., New York, NY
Ha Noi
Steven Wambach
Hong Kong Island
Robyn Lindars, Chef and Blogger, 'Grill Grrrl' food blog, Miami, FL
John Calvin
977.0
Mihoko Obunai, Freelance Chef, Atlanta, GA
Noureddine Elgheur, Caterer, Sweet Savories Catering, Brooklyn, NY
Berthsy Ayide, Chef and Caterer, The Kitchen Sink, New York, NY
Hulk Hogan
Angela Rowley
George Peele
Halloween
pl: Zbigniew Marciniak
Marco Suarez, Executive Chef, Ledge Kitchen and Drinks, Dorchester, MA
Emily Stass
Gujarat, Madhya Pradesh, Rajasthan, Uttar Pradesh, Haryana and NCT
Sophie Bravo
John Sherman
Meny Vakinn
Eknath Easwaran
Commonwealth of Pennsylvania
Alejandra Padilla, Line Cook, La Fonda del Sol, New York, NY
Alyson Hannigan
Shannen Tune
Tefo Malphorisa
Austria
Josh Distenfeld
1221.0
Odisha
Jay Jones, Caterer, Chateau Noir Catering, New York, NY
&mdash;
Python
Pemang
Shut down
Lauren Kyles, Head Chef, Daily Grill & Public School, Los Angeles, CA
Robert F. Kennedy
Maria Velez, Chef and Restaurateur, Mojito Cuban Cuisine, Brooklyn, NY
1158.0
Natasha Pogrebinsky, Chef and Restaurateur, Bear, New York, NY
Jill Nicolson, Caterer and Entrepreneur, Cuisine with Jill Nicolson, Torrington, CT
Erik Cho, Food Truck Owner, Frysmith, Los Angeles, CA
Jessica Helms
Megan Vargas, Pastry Chef, Andina, Portland, OR
China Miéville
Belait District
Mogan Anthony, Executive Chef, Village Social, Mount Kisco, NY
Ethiopia
Georgeann Leaming
Mansfield
1101.0
Ally Lopez
Edmund Muskie
Sierra Leone
Jamol Manigault
Pakistan
Alina Eisenhauer, Pastry Chef, Sweet, Woodstock, CT
Emily Chapman, Line Cook, Louro, New York, NY
Lieutenant Governor of Hawaii
Bosnia and Herzegovina
1038.0
Antonio Mure, Chef and Restaurateur, Ado Ristorante, Venice Beach, CA
Brian Tsao, Executive Chef, Liang's, Forest Hills, NY
Elena Kagan
[Texas]
Tavia Isaac
Eric Stanley
Up to 7.0 fps
Nova Scotia
Saint Vincent and the Grenadines
New Hampshire
Punjabb
Lucy Parsons
Judson Branch, Senior Sous chef, Marriott Downtown Philadelphia, Philadelphia, PA
Monica Langowski, Private Chef, Chicago, IL
1397.0
Jason Khaytin, Hometown: Holland, PA
Stephen Covey
madhya  Pradesh
Gabriel Chirinos, 15
the Washington, D.C.
Pahang
1460.0
Claire Robinson
T. S. Eliot
Ian-Max Henriquez
Arkansas nnS, Highway nnS
Kurt Ramborger, Caterer, Austin, TX
George Clooney
Joe Sasto
United States Marine Corps
The Holocaust
James Kilberg, Executive Chef, Il Poggiolo, Chicago, IL
Zaina Dellaquila, Executive Chef, Condé Nast Cafe, New York NY
Falkland Islands
Somaliland
Hannah Buzkin, Hometown: Westport, NJ
Approx. 1.7 frame/s
the Northern Mariana Islands
Lish Steiling, Assistant Food Stylist, Today, New York, NY
California
Misiones Province
Okayama Prefecture
619.0
Cambs.
Ian Muntzert, Chef de cuisine, Commonwealth, San Francisco, CA
Ralph Vary Chamberlin
Northwest  Territory
Mississippi
Gavin Kaysen
1277.0
Marc Quiñones
Derrick Prince
739.0
Adam Powers, Chef and Restaurateur, Fetch, New York, NY
Western Australia
Alentejo
Palak Patel, Culinary Instructor, Ger-Nis, Brooklyn, NY
Creative Commons
Marc Forgione
Oklahoma
Jamie Thomas
NY 12953
Olivia Neumark, age: 13
Houaphan Province
'''14–9
Michael Bryant, Executive Chef, Eva Restaurant, Los Angeles, CA
Dolores_Ibárruri
1220.0
Fritz Knipschildt, Chef and Chocolatier, Knipschildt Chocolatier, Norwalk, CT
Paloma Bernardi
Aragua
Eitan Bernath , from: Teaneck, NJ
Gina Gullo
POL województwo pomorskie II RP COA.svg
Plateau
Mathias Gervais, Executive Chef, The Setai Hotel, Miami Beach, FL
Eastern Visayas
Chittagong Division
Amazonas (Venezuelan state)
Tagan Couch, Food Truck Chef/Owner, The Gypsy Kit, Austin, TX
1157.0
Jeremy Duclut, Executive Chef, Georges' Bar and Restaurant, Wayne, PA
Alfred Legoyt
792.0
Richard Henderson, NYPD Bomb Squad Detective
Noah Galuten
1580.0
Azores
Doctor Faustus
Montreal
Tasha Smith, Charity: Planned Parenthood
Luis Gonzalez, Executive Chef, Knickerbocker Bar & Grill, New York, NY
922.0
Wyoming
Tartumaa
s State of Hesse
Deborah Gorman, Catering Chef, The Good Knife, New York, NY
John Martone
Katsina State
Ada Santa and Jaime Santa
Eyan Goldman, Hometown: New York, NY
Stephen Williams
2001
Chris Trapani, Food Truck Chef/Owner, Urban Cowboy, Austin, TX
Bill Nye
New York 10540
Matt Jozwiak
859.0
Aaron DuBois
Polish language
Robert Baden-Powell
CALABARZON
Indiana 46268
Geraldine Martone
Joey Malim
Rhineland-Palatinate
Northwest Territories
Robin Moore, Private Chef and Instructor, New York, NY
Ah Boys to Men
Falcón State
2012
2010
Horatio Nelson
Region of Valparaíso
Tori Amos
'26–20
William Artley, Executive Chef, Evening Star Cafe, Alexandria, VA
Pigs
979.0
Dominick Feragola, Sous chef, Broadway East, New York, NY
Flanders
1340.0
Melissa Rebholz, Executive Chef, Garden of Eve Organic Farm, Long Island, NY
Södermanland and Uppland
Dante Foggy, age: 18
Saar (League of Nations)
Stefan Banach
Joey Barton
Charlotte 'Char' Sloan
Treaty of Tripoli
Louis McLane
David Petraeus
Chris Hart
New York and Vermont
Dinah Surh
Dominica
WY 83101
Gyeongsangbuk-do
Hessen
1042.0
Flagge Preußen - Provinz Westfalen.svg
Sudan
Myst
Varsha Govindaraju
Amanda Freitag
Jonah Frazier, Executive Sous chef, Garden Terrace, Belmont Park, Elmont, NY
-1080.0
Emma Roberts
Cameron Berger
Elderoy Arendse
Jack Pollock
Gina Gray
Judy Garland
1634.0
International Women's Day
Diane DiMeo, Private Chef, Red Box Bistro, New York, NY
Chonnam Province
Paolo Pasio, Chef and Restaurateur, Osteria Latini, Brentwood, CA
Jean-Louis Gerin, Chef and Restaurateur, Restaurant Jean-Louis, Greenwich, CT
Arthur Saks, Executive Chef, Marina Cafe, Staten Island, NY
Uttarakhand
Maurice 'Mo' Hurley, Executive Chef, Valbella, New York, NY
Taiwan
Joyce Brandes, Chef de cuisine, DuMont Burger, Brooklyn, NY
Germano Minen, Chef & Owner, Hostaria del Piccolo, Santa Monica & Venice, CA
Ohio 44195
Central African Republic
Matt Lambert, Chef de cuisine, Musket Room, New York, NY
Shehu Fitzgerald, Garde manger Chef, Marriott New York Marquis, New York, NY
Lauren Von Der Pool
Boy Scouts of America
Complete
Maharashtra and Karnataka
Justin Balmes
Pnina Peled, Executive Chef, The New York Helmsley Hotel, New York, NY
Gabriele Corcos
Vietnam
Rachel Willen, Culinary Instructor, foodfix, Clinton, NJ
Perry Pollaci, Private Chef and Sous chef, Bar Blanc, New York, NY
Wisconsin 53214
Jason Zukas, Chef Consultant, Bocca Fina, Queens, NY
W. E. B. Du Bois
Fun
Delta Goodrem
Jimmy Wang, Chef & Consultant, former owner of Hot Stuff Café, San Gabriel, CA
Judy Gold
Uttarpradesh Baghpat
Lucas Marino, Sous chef, The Darby, New York, NY
Illinois Route X
Comilla
Elisabeth Weinberg, Caterer, Miss Elisabeth's Catering, New York, NY
Lucy Collins, Sous Chef, Costada Italian Steakhouse, New York, NY
Charles Grund
Functional analysis
Mor Amitzur, Executive Chef, The View at the Marriott Marquis, New York, NY
MO 63108
Ashley Hough, Personal Chef, Los Angeles, CA
Nate Appleman
Telmo Faria
Anthony Hunt
Martin Van Buren
Deirdre Henderson, Executive Chef, BarOnA, New York, NY
Salma Zahran, age: 15
Licia Kassim, Executive Chef, Mashmomack Fish & Game, Pine Plains, NY
David Amorelli, Executive Chef, Coffee Shop, New York, NY
Jeremy Langlois, Executive Chef, Houmas House Plantation and Gardens, Darrow, LA
Up to 5.3 fps
Lancelot Andrewes
Rheinland Pfalz
Illinois, 60649
James Jeans
Michael Jenkins, Chef, Butter, New York, NY
Approx. 5.0 frame/s, 8.0 frame/s w/battery grip
Carole Lombard
685.0
qld
Gretchen Roth
United States Declaration of Independence
Bernie Sanders
Carinthia (state)
Kevin Rathbun
Larry Baldwin, Executive Chef, David Burke Fromagerie, Rumson, NJ
New Delhi
Ed Witt, Executive Chef / Wine Director, Bloomingdale Road and Wine Directory, New York, NY
Terceira
Jeffrey Saad  ''
Plateau State
Bernhard Goetz
Tyler Bloch, age 14, Jericho, NY
up to 4.5 fps
Tyrol
1514.0
Warren Christopher
Barinas (state)
Antonio Mure
Nate Berrigan-Dunlop
1099.0
Cat Cora, Charity: Chefs for Humanity
Province of Santa Cruz de Tenerife
State Road X
Emily Hansen
Markos Moulitsas
Julia Stiles
Sachsen
Vitruvius#De architectura
Marisa Biaggi
Carl von Clausewitz
Route X
Chad Rosenthal
Oyo State
Closed
1162.0
Barbara Sibley, Executive Chef and Owner, La Palapa Cocina Mexicana, New York, NY
Route n
Uganda
Discontinued
Brandon Medley, Hometown: Sewell, NJ
Carlos Slim Helú
Niedersachsen
Unknown
Emily Allen
Gillian Vigman, Charity: Go Campaign
Yangon Region
743.0
Dianne Houlihan, Assistant Cook Manager, Great Neck Elementary School, Waterford, CT
Victorian
Tom Gloster, Executive Chef, Lula Trattoria, Mineola, NY
Christina Olivarez, Executive Chef, Diego, Las Vegas, NV
Sloane Ranger
'23–20
Mariah Carey
John Stuart Mill
Kristin Kreuk
Lady Gaga
Sarawak
Lviv Oblast
Tuesdays with Morrie
1335.0
William Gilchriest
Andhra Pradesh
Lara Paul, Executive Chef, Rivals Steakhouse, Austin, TX
Summer Kriegshauser, Private Chef and Nutrition Coach, New York, NY
Chris Rendell, Chef de cuisine, Double Crown, New York, NY
South Australia
Bun Cheam
Opole Voivodeship
863.0
1228.0
Natalie Jacocks, Line Chef, Fette Sau, New York, NY
Stephan Bogardus, Chef de cuisine, The North Fork Table & Inn, Southold, NY
Kristin Beringson, Executive Chef, Holland House Bar & Refuge, Nashville, TN
Minnesota Territory
1281.0
Sabah
Shimane Prefecture
493.0
Cam Boudreaux, Sous chef, The Green Goddess, New Orleans, LA
Brian Howard, Executive Chef, Comme Ça, Cosmopolitan of Las Vegas, Las Vegas, NV
Elihu Root
E3: 1 frame/s
Roman Catholicism in France
Lebanon
Jeremy Corbyn
Mauritania
Sonia El-Nawal, Chef Consultant, New York, NY
Vittorio Feltri
Beau MacMillan
Rahm Emanuel
Chris Scott, Chef and Restaurateur, Brooklyn Commune, Brooklyn, NY
730.0
983.0
Wayne Cafariella, Sous chef, Tellers Chop House, Islip, NY
Jennifer Lawrence
Alan Harding, Chef and Restaurateur, The Food Truck @ Hot Bird, Brooklyn, NY
Michael Selicious, Executive Chef, Wickets Inn, Onset, MA
David Goldwhite, Private Personal Chef, New York, NY
Kamryn Kohler
Crystal Wahpepah
Antonin Scalia
William H. Seward
Dante Foggy, Hometown: Burlington Twp, NJ
Cindi Avila, Catering Manager and Chef, Crisp, New York, NY
Pierre Deligne
David Seigal, Executive Chef, The Tangled Vine, New York, NY
Tottori Prefecture
Sylvain Harribey, Executive Chef, Sofitel, New York, New York, NY
Kyle Ricks, Executive Sous chef, Landmarc Tribeca, New York, NY
Justin Gaines, Executive Sous chef, Zanaro's Italian Restaurant, White Plains, NY
Michael Symon
Olivia Wilde
1753.0
Joey Campanaro
Kristen Redmond
James Joseph Sylvester
Ryan Lory
Kelly Kleisner, Executive Pastry Chef, Indigo Road, Charleston, SC
Kentucky Route nn
Nebraska
Russia
Megan Johnson, Executive Chef, Elsewhere / Casellula Cheese & Wine Café, New York, NY
Maureen Sanchez, Oswego, IL
Ebony Amber
John Bosco
Megan Norz
Keith Olbermann
Nino Asaro, age: 16
Rick Giffen, Executive Chef, Stratosphere Las Vegas, Las Vegas, NV
David Rotter, Executive Chef, Campo, New York, NY
1215.0
Michelangelo Buonarroti il giovane
Dogs
Keith Lucas, Executive Chef, Manna, Philadelphia, PA
850.0
Sophia Rebello
Cowboy Bebop
Indonesia
Erik Weatherspool, Chef and Restaurateur, Bistro 44, Toms River, NJ
14.14
up to 8.0 frame/s.
Owen Clark, Executive Chef, Gwynnett Street Restaurant, Brooklyn, NY
Chris Coombs, Executive Chef, Dbar, Boston, MA
Miley Cyrus
Decommissioned
1613
New Haven Colony
Tess Middlebrook, Private Chef, New York, NY
Wallonia
Merlin Tlapa, Executive Chef, Nino's 208, New York, NY
Hayan Yi
Pen: 5–4
1618
Istanbul
John Coltrane
Sergey Brin
978.0
Penn Jillette, Charity: Opportunity Village
Anthony Ricco, Chef de cuisine, Spice Market Restaurant, New York, NY
Texas 79409
Zach Meloy, Chef and Restaurateur, Push Start Kitchen, Atlanta, GA
Donato Deserio
Morgan Goldstein, age: 15
South Carolina (U.S. state)
United States congressional delegations from Michigan
Jonathan Jernigan, Executive Chef, Catering by Jonathan, Willingboro, NJ
HGO
1695.0
James Monroe
Turkey
'''18–11
Brunei-Muara
Jataun Flash
Punjab (Pakistan)
Vorarlberg
Trinidad and Tobago
Mice
Indiana 46226
Brittanny Evans, Sous chef, Northern Spy Food Co., New York, NY
M.P.
Kennedy Williamson
Nancy Judd
Complex analysis
NT/SA
Yusufeli
Salvatore Lima, Executive Chef, Giovanna's, New York, NY
Víctor Jara
POL województwo łódzkie II RP COA.svg
Taji Marie, Caterer, Simple Gourmet, Redondo Beach, CA
Jessica Chastain
Jesus
Lenny Messina
Eyewear
Yamanashi Prefecture
Nissa Pierson, Owner, Ger-Nis Culinary & Herb Center, Hudson Valley, NY
M-nn
Ali Zayn al-Abidin
Sri Lanka
Batman
Debbie Lee
Joshua Van Den Berg
Rebecca Weitzman, Chef de cuisine, Inoteca, New York, NY
Noam Elkies
South Gyeongsang Province
State of Hamburg
1100.0
Scott Pajak, Chef de cuisine, Lagasse Stadium at the Palazzo Resort, Las Vegas, NV
Sexual slang
Kenny Minor, Private Chef, New York, NY
Connie Tran
Martin Luther King Jr.
Sung Uni Lee, Culinary Instructor, Brooklyn, NY
Nelson Mandela
1455.0
Dean G. Acheson
1037.0
Lyanna Cintron
Advertising
Isaiah Hooks
Jonathan Contes, Chef and Part Owner, Eat Mosaic, St. James, Long Island, NY
William Lustberg, Sous chef / saucier, Waldorf-Astoria Hotel, New York, NY
Japan
Lance Nitahara, Executive Chef, Camp-of-the-Woods, Speculator, NY
Jimmy Tessier, Chef de cuisine, Bacio, Tropicana Las Vegas Hotel and Resort, Las Vegas, NV
Robin Williams
Dylan Marcus
Cameron Cain
Drew Jackson, Private Chef, Los Angeles, CA
Nancy Pelosi
Emily Waters
Richard Blais
Sean Chudoba, Executive Chef, Ayza Wine Bar, New York, NY
503.0
Antonio Jubela-Gordon, Hometown: New York, NY
Céline Dion
Steven Brand, Executive Chef, Upstairs on the Square, Cambridge, MA
Joseph Arcarola, Chef, Highline Ballroom, New York, NY
up to 5.0 frames/s
[[#Q
Greater Accra Region
Gabriel Chirinos
Lamar Moore, Executive Chef, The Hotel Chicago, Chicago, IL
[[#R
Bayankhongor Province
Jing Cong, FDNY
Olney, MD 20832
Thessaly
Paktia Province
Phil Johnson
Dumfries & Galloway
Sergipe
1090.0
Daniel Sharp
1575.0
623.0
Robbie Myers, Senior Food Service Manager / U.S. Army , Adams Center, NY
Seis Kamimura, Executive Chef, Century Link Field, Seattle, WA
Mark Timanovsky
Uttar Pradesh
Adrian Ashby, Queens, NY
Florian Cajori
Cambridgeshire
Nuevo León
Charles, Prince of Wales
Indiana 46202
Congress of Mexico
8.0
Rich Landau, Chef and Owner, Vedge, Philadelphia, PA
Co. Antrim
Jaquy Yngvason, Food Stylist, New York, NY
8.3
8.6
Clara Park, Freelance Chef, Philadelphia, PA
Aarón Sánchez
Nordrhein-Westfalen
John Quincy Adams
California 92113
Tommi Rae Fowler, Hometown: Townville, SC
Christian Wirth
Chris Houlihan, Chef de cuisine, AFrame, Los Angeles, CA
Nadia G.
1690.0
Stan Hays, Pit Master, County Line Smokers, Kansas City, MO
1517.0
Eric Paraskevas, Executive Chef, Terra Restaurant, Philadelphia, PA
TK Kyle, Caterer, Tara Singleton Catering, Queens, NY
803.0
Joel Lamica
Tim Cipriano, Director of Food Services, Guilford Public Schools, Guilford, CT
'''17–16 -->
Staffordshire
Larry Page
Angie Shaghaghi, Chef Instructor, Creative Cooks, New York, NY
Tina Aleandri, Executive Chef, Noche Tequila and Tapas Bar, Atlanta, GA
Roger Mooking
Carnie Wilson  and
Hokkaido
Rachel Cummings
Roxanne Spruance, Executive Chef, Allison Eighteen, New York, NY
California 92126
Brittany Matteson, 17
Walter Q. Gresham
793.0
Sokoto State
Islam
Joan Low and Linda Low
Book of Psalms
Niger State
Aviv Regev
Ludoviko Lazaro Zamenhof
Episcopal Diocese of Chicago
Kaduna State
Lauren Gerrie, Caterer, Big Little Get Together, New York, NY
923.0
JPEG
Bagmati
Vincent Contreras, Chef de cuisine, Las Vegas, NV
1700.0
Nicole Brisson, Executive Chef, Carnevino at the Palazzo Resort, Las Vegas, NV
Andrea Bergquist, Executive Chef, New York, NY
Mai-Khanh 'Maiki' Le, Chef de cuisine, Josie, Santa Monica, CA
Goa
Ming Lu, Line Cook, Le Cirque, New York, NY
Victor Hugo
Shanxi
Sa'de Ivey
Ali Muhammad
Chris Lukic
1637.0
Missy Corey, Kitchen Manager, Duckfat, Portland, ME
Ashlee Saylor, Sous Chef, The Silly Goose, Nashville, TN
Sucre (state)
Hannah Hopkins, Chef and Restaurateur, Dish, Mahopac, NY
VAref|In 1971, Rehnquist was appointed from Arizona, but in 1986, when elevated to chief justice, he was appointed from Virginia.|group=n
Cuba
Juliette Borchardt
Approx. 5.0 frame/s
Suniti Kumar Chatterji
Alfred Tennyson
Illinois 60005
Christopher Jackson, Executive Chef and Owner, Ted and Honey, Brooklyn, NY
Pondicherry
Alex Wise
Jason French
James Briscione, Chef Instructor, Institute of Culinary Education, New York, NY
Katie Rosenhouse, Pastry Chef, Olana Restaurant, New York, NY
Pete Ascolese, Chef and Restaurateur, Hope and Anchor, Brooklyn, NY
Trentino-Alto Adige/Südtirol
1330.0
Frederick Aquino
1165.0
Bulacan
Harry Soo
'''23–16
act
Slovak Republic
Rhonda Deloach, Head Chef / Food Service Director, Common Ground High School, New Haven, CT
Daniel Doyle, Executive Chef, Poogan's Porch, Charleston, SC
Hensley Brown
John Foster Dulles
Noël Coward
Pará
Perth
Shandong
2118
Pope Francis
Saarland
Marcus Lepke, Personal Chef, European Epicurean, Voorhees, NJ
Antonia Donnelly
Andrew Garrett
Punjab District
David Garrido, Chef and Owner, Garrido's, Austin, TX
Basel-City
Leonard Jimmie Savage
Nina Mitchell Wells
Federal Territory
Einat Admony
Josh Cohen
John M. Clayton
Sachem 'Son' Allison, Executive Chef, SavorNY, New York, NY
Justin Schwartz
Thomas Brenner, Winemaker & Executive Chef, Napa Valley, CA
Bun Lai, Chef and Restaurateur, Miya's Sushi, New Haven, CT
Alaska Route n
571.0
Maya Tornerud
Kimberly and Justin Maisey, Spa Chefs, Miraval Resort, Tucson, AZ
Jon Bignelli, Chef de cuisine, wd~50, New York, NY
Kyle McClelland
Kālidāsa
Bolívar (state)
Tom Wills
Madison Cowan, Charity: Alzheimer's Association, New York City Chapter
Avatar
Ron Barassi
Cotabato City
Townsend Childress
Feminism
1045.0
São Paulo
Badakhshan Province
Melissa d'Arabian
Morgan Goldstein, Hometown: Cleveland, Ohio
Geoff Rhyne, Chef de Cuisine, The Ordinary, Charleston, SC
James Klayman
Philip Meoli, Chef de cuisine, Brooklyn Pub, Brooklyn, NY
Soulayphet Schwader, Executive Chef, Talay Restaurant, New York, NY
Richie Katzenberg
Wyoming Territory
1272.0
Delta Amacuro
Rabbi Hanoch Hecht
Rachel Hodorov
Jon Cano and Elizabeth Gribko, Chef & Pastry Chef, Salumi Tapas & Wine War, East Massapequa, NY
Bahia
Missouri 64114
Czech Silesia
Suzanne Vizethann, Chef and Restaurateur, The Hungry Peach, Atlanta, GA
Eddie Ojeda, Charity: Carol Baldwin Cancer Fund
Approx. 1.8 frame/s
Ulysses S. Grant
Dewey Losasso, Executive Chef, The Forge, Miami Beach, FL
Neil Armstrong
List of PC games (Q)
Ellie Zeiler
Töv Province
Eschatology
Santa Catarina (state)
Cao Cao
Rob Van Dam
Jen Catron and Paul 'Outlaw', Chefs, Jen & Outlaw's Fish Fry Truck & Crawfish Boil,
silver
Kamchatskaya
Vanessa Ayala, Catering Cook, Skybox Sports Bar and Lounge, Roselle, NJ
Manitoba
United States
Riley Mitchell
Lorraine Cortés-Vázquez
Christopher Arellanes, Chef de Partie, Brooklyn Fair, New York, NY
Brittany
1339.0
Joey Styles
Puebla
Ships
Nick Grosz, Executive Chef, Norwood Club, New York, NY
1152.0
1285.0
Michel Aflaq
1032.0
Judy Cage-McLean, Chef, U.S. Army  / Caterer, Let Me Cater To You, Spring Lake, NC
Allison Sosna, Executive Chef, DC Central Kitchen, Washington, DC
Leo Tolstoy
Kwara State
Kim Guadagno
Carrie Weiss, Instructor and Writer, New York, NY
Angela Karegeannes, Caterer, A Fork Full of Earth Organic Catering, Fairfax, CA
Ornette Coleman
1402.0
Coby Farrow
Florida 32224
Danielle Wilk
The Federalist
Assam
Texas (U.S. state)
1877.0
East Azarbaijan
M.L.Q.U chapter
Terry Koval, Chef and Restaurateur, Farm Burger, Decatur, GA
QLD
1.65
Grace Lichaa, Manager, Capital Area Food Bank, Washington, D.C.
Bryce Taylor
Mark Mata, Executive Chef, The Mermaid Inn, New York, NY
553.0
Massachsuetts
Lucy Stone
Mérida (state)
Rio de Janeiro (state)
Iwate Prefecture
Sean Thomas
Claire Hollingsworth
Kano State
Explosion
Texas, 75080
Friuli-Venezia Giulia
Aragua (state)
Tony Maws
Adam and Jackie Sappington, Chef & Pastry Chef, The Country Cat, Portland, OR
Malachi Maguregui
Tupac Shakur
Olivier Desaintmartin, Chef and Restaurateur, Caribou Café, Philadelphia, PA
Anastacia Song, Sous Chef, Davio's Northern Italian Steakhouse, Manhattan, NY
Christian Petroni, Chef and Restaurateur, Barcelona, Greenwich, CT
Rivers State
Josie Gordon, Personal Chef, New York, NY
Rubella
Josh Greenfield, Caterer/Internet Chef, Brooklyn, NY
List of United States Representatives from Idaho
Global analysis
Manche
Illinois, United States
Thüri
Michell Sanchez, Chef & Restaurateur, Latin House Burger & Bar, Miami, FL
Alagoas
Pat Condell
Jeremy Bringardner, Corporate Executive Chef, Lyfe Kitchen, Culver City, CA
Heather Profetto
Jarren Pross, age: 14
Evelyn Dugan
Alex Manka
Joshua Stokes, Private Chef, Grill a Chef, New York, NY
Tommy Lee, Executive Chef, Battery Gardens, New York, NY
Carnie Wilson, Charity: Weight Loss Surgery Foundation of America
Nyles Emile
1820.0
Sainyabuli
Elliott Wakefield
Shanna Horner O’Hea, Chef and Innkeeper, The Kennebunk Inn / Academe Brasserie and Tavern, Kennebunk, ME
0.5
Laurie Potts, Executive Chef, Wild Horse Saloon, Nashville, TN
Mexico
1219.0
collapse
Hermès
Nathan Graddon
Patrick Lacey
Charlie Todd
Tasheena Butler, Chef and Caterer, T. Marie's Kitchen & Catering, New Orleans, LA
Kansas 67156
Thomas Jefferson
864.0
up to 3.0 frame/s, max 8 frames
Adam Sternberg, Executive Chef, 36 Main, New Paltz, NY
Glyn Daniel
Mato Grosso do Sul
State no 5
1578.0
Khuzestan
Tocantins
George Rallis, Chef & Co-Owner, Hell Gate Social, Astoria, NY
Vaughn Crenshaw, Executive Sous chef, Khloe Bistrot, Fort Lee, NJ
Sean Quinn, Executive Chef, Frederick's, Brooklyn, NY
Luke Reyes, Executive Chef, The Corner Door, Culver City, CA
Tiger Woods
Spring
Peter Kontomanolis, Sous Chef, Brookville Country Club, Long Island, NY
Charles Lopez, Sous chef, Tastings Catering Company, New York, NY
Kenneth Collins, Executive Chef, Gospel Uptown, New York, NY
List of Heroes of the Russian Federation (Q)
jbt
Jason Zukas, Executive Chef, New York, NY
731.0
984.0
Michael Atiyah
Melissa Levy, Executive Chef, IBM, Newburgh, NY
QRO
Category:Anatomy
Poland
Frank B. Kellogg
Malcolm X
Nathan Spiro, 17
Super Mario Bros.
1761.0
[[#Q-T
Free State of Mecklenburg-Schwerin
Vincent Marsh
Corwin Kave, Executive Chef, Fatty Crab / Fatty 'Cue, New York, NY / St. John, VI
Lisa Savage, Chef and Restaurateur, Sage Restaurant, Ventnor, NJ
llinois
Trunk Highway X
Phyllis Kaplowitz, Executive Chef, Bakers' Best Catering, Boston, MA
Jack Witherspoon
Sylva Senat
Brandon Boudet, Chef and Restaurateur, 101 Coffee Shop, Dominick's, Little Dom's, and Tom Bergin's Tavern, Los Angeles, CA
Nick Drake
Jim Angelus
Algarve
Joe Dobias, Chef and Restaurateur, Joe Doe Restaurant, New York, NY
Sylvain Harribey, Executive Chef, Sofitel New York, New York, NY
Andre Fowles
1338.0
Basilica
Karen Mitchell
Washington, D.C.
Malé
Ondre'a Duverney, Caterer, New York, NY
Watchmen
Tennessee, 37087
494.0
1093.0
Gunma
Matty Melehes, Chef de Cuisine, Roadhouse Brewing Co., Jacksonville, WY
Pennsylvania
Anna Mindell, age: 15
'22–12
1401.0
Kathie Leonard and Danielle Leonard
Lara (state)
Lower Silesian Voivodeship
851.0
Marcela Valladolid
Christian Dolias, Chef, Cutthroat Culinary, Las Vegas, NV
Washington (U.S. state)
Kelantan
Yes
Derek Walker, Executive Chef, Bread and Roses Café, Venice, CA
show
Bari
Shannon Olvera, Executive Chef, Red Restaurant & Bar, City of Industry, CA
United States congressional delegations from Tennessee
Mara Cristiani and Gena Cristiani
Tyrannosaurus
J.R. Tiger
County Cork
Ethics
918.0
1458.0
Mike Godwin
Tyler Henderson, Executive Chef, Haak Vineyard & Winery, Santa Fe, TX
Wood
Michael DiIonno, Chef and Restaurateur, Avenue Bistro Pub, Verona, NJ
Brittany Eaden
Anne Burrell
Caroline Coleman
Islamic calligraphy
Aaron Barnett, Chef & Restaurateur, Restaurant St. Jack, Portland, OR
971.0
Federal Territory (Malaysia)
'25–7
Jean Venturini
Wayne Lyons, Chef and Restaurateur, Soul Flavors, Jersey City, NJ
Oliver North
Robert Bacon
1521.0
Stacey Givens
Terry Accaira, Head Cook and Nutritionist, Avery/Parsons Elementary School, Buena Vista, CO
Autherine Lucy
Robert Wuhl, Charity: The Amanda Foundation
Balearic Islands
Tina Adams
Tarlac
Thanksgiving
Miranda (state)
1223.0
Auria Abraham, Chef & Owner, Auria's Malaysian Kitchen, Brooklyn, NY
Victoria Woodhull
Miyagi Prefecture
Timothy Witcher
Ralph Battista Jr., Executive Chef, Butterfield 8, New York, NY
Kabul Province
Justin Ballenger, age: 16
Maryland 20743
1343.0
Grand Duchy of Hesse
Kerenza Napoles, Sous chef, Dickie Brennan's Bourbon House, New Orleans, LA
Colleen Fitzpatrick
Jay Lippin, Executive Chef, Southern Hospitality BBQ, New York, NY
Montana,
Jayson Reynolds, Chef & Caterer, @t Large Chef Services, Austin, TX
México, D. F.
Jake Diamond, Hometown: Montclair, NJ
Manipur
Tamaulipas
Flag of Hesse.svg
Vancouver
1103.0
Baden-Württemberg
Marc Matsumoto, Private Chef, New York, NY
Penélope Cruz
Akita Prefecture
Beni Velazquez, Chef and Restaurateur, Bar and Bistro, Las Vegas, NV
Nadjah Bray
Peter Scolari, Charity:  Copd Foundation
Hiroshima Prefecture
Timothy Peterson
High Speed: 2.5 frame/s up to 5 pictures, Low Speed: 1.2 frame/s up to 12 pictures, multi-shot 16, Ultra High Speed: 30 frame/s up to 100 pictures at 640x480, 5 shot buffer at 1 frame/s, time lapse, and movie
Elda Bielanski
Kenneth Johnson, Executive Chef, Pescatore, New York, NY
Roraima
Vito Facciabene, Chef and Restaurateur, Vibano's Trattoria, Bronx, NY
Putrajaya
Bohol
1463.0
Lower Silesia
Preparation
Corinne Trang, Chef and Educator, Westport, CT
Queensland
Fabian Ludwig, Executive Chef, Gramercy Park Hotel, New York, NY
up to 3.0 frame/s
Roshara Sanders
Robert Sevchik
Kelly Hansen, Charity: The Grammy Foundation
Edward VIII of the United Kingdom
Lia Howhannesian
Alsace-Lorraine
'''32–14
Betsy Randle
Minnesota 55130
US State
Marienwerder (region)
Willie Box, Executive Chef, 793 Juniper, Atlanta, GA
Allison Lee, age: 13
9.0
-2160.0
9.6
Dawn Wells
Mary, Queen of Scots
up to 3 frame/s.
Bremen (state)
Jay Ureña, Hometown: Queens, NY
Jimi Hyatt
Goiás
Jason Bergeron
Kansas Highway nn
Kosovo
Laura Simpson, Chef de cuisine, The Hotel Hershey, Hershey, PA
Kyle Shadix, Chef, Registered Dietician and Culinary Consultant, New York, NY
Kate Campbell
Moravia
North West England
Georgia (U.S. state)
Burma
New York (state)
Diekirch District
Denise Baron, Executive Chef, Burtons Grill, Boston, MA
Amazonas (Brazilian state)
Jigawa State
Prasad Chirnomula, Executive Chef, Thali, New Haven, CT
Catherine Cosby, Executive Chef, Montreux Bar & Grill, Summerville, SC
'37-29
Cambodia
Penang
Lumbini
King John
Dean Barker
State Route nn
Syria
James Hooper
Gavin Mills, Executive Chef, Broadway East, New York, NY
Alan Harding, Chef, The Food Truck @ Hot Bird, Brooklyn, NY
amman
Dean Yasharian, Executive Sous chef, Bar Boulud, New York, NY
Peter Wenger, age: 13
Ivan Dorvil, Private Chef, Miami, FL
Targeted killing
Bahrain
Iowa X
Moses Hausmann
AAT
Molly Peck, Caterer, The Vanilla Orchid Catering, Austin, TX
Michele Ragussis, Chef and Restaurateur, Stuft Catering / Beast, Brooklyn, NY
Ryan DePersio, Chef and Restaurateur, Fascino, Montclair, NJ
List of aircraft (Mq)
Norfolk
Christopher Pappas , from: Long Island, NY
Karnataka,
Xieng Khouang Province
Pennsylvania Route X
Chungcheongnam-do
Cebu
Anthony Anderson
Gilbert Delgado
Arkansas
Kara Peterschmidt
Gillian Vigman  and
Western Province
Mikey Robins,  age 14, Philadelphia, PA
Cheryl Barbara, Head Cook, High School in the Community, New Haven, CT
Grace Jones
Jonathan Sawyer
Shawna DeLima, 17
Jasmine Lucero
Latrine
Bulgaria
Cortés
Lester Walker, Sous chef, Copia, New York, NY
Joe Youkhan, Executive Chef & Owner, Tasting Spoon Food Truck, Orange County, CA
Robert Corbin
Kenya
Jared Braithwaite, Executive Chef, Layla, New York, NY
RAW / RAW+JPEG: 3 frame/s, up to 5 frames, JPEG Extra Fine: 3 frame/s, up to 12 frames, JPEG Fine: 3 frame/s, up to 15 frames, JPEG Standard: 3 frame/s, up to 19 frames
Haryana
Shawn Smiley, Executive Chef, The Buffet at Aria, Las Vegas, NV
ACT
Mona James, Executive Sous chef, Palm Restaurant, New York, NY
ITA
Israel
Tiffany Jeffries, Caterer, Sunday Dinner Catering Service, Brooklyn, NY
DJ Kool Herc
Emmy Rossum
Shannon Solomon, Cook Manager, William C. Hinkley High School, Aurora, CO
1399.0
Tim Witcher
Taylor Erickson, Private Chef, Los Angeles, CA
California (U.S. state)
Northern Mariana Islands
Malaysia
Maizy Boosin
Jessica Wilson, Sous chef, A Voce Columbus, New York, NY
the Virgin Islands
Puebla (state)
programming
Annabelle Turner, Executive Pastry Chef, Vanilla Orchid Catering Co, Austin, TX
A. A. Milne
911.0
Rigid body
Rudolf Steiner
Occitania
Jeff Kennett
Hugh Mangum, Executive Chef and Owner, Mighty Quinn's, New York, NY
1462.0
Oxfordshire
Wakayama Prefecture
Faial Island
1582.0
Josiah Willard Gibbs
Scotland
Cara Thompson, Sous chef, Miami, FL
Fiore Tedesco, Sous chef, Franklin Barbecue, Austin, TX
Peter Kropotkin
Ash Fulk
North Carolina (U.S. state)
434.0
Matera
Illinois (U.S. state)
Rosa Soto
Richard Park, Chef and Entrepreneur, Cat Heads BBQ, San Francisco, CA
Uzbekistan
Alsace
Diamond
Nicholas Capone
Ashrafuz zaman
Tiësto
Michael Siry, Corporate Executive Chef, Big Daddy's Diner, Duke's, and City Crab, New York, NY
Warren Schierenbeck, Chef and Restaurateur, DoSi Cafe, Staten Island, NY
Ohio
506.0
Carpathian Ruthenia
Amapá
Alex Magloire
Lyanna Cintron, 17
Maria Ojala, Private Chef, Bel-Air, CA
Hawaii Territory
Bayern
Cory Morris, Chicago, IL
Portugal
Latvia
Aesop
Mexico State
Palatinate
Guatemala
Mpumalanga and Limpopo provinces
Pondicherry (city)
Ravi Shankar
Northern Territory
Anthony Locastro, Executive Chef, Downtown Association, New York, NY
Aargau
United States armed forces
Gauteng
Joseph Stalin
Scarf
Tanya Mitchell
Victoria
1284.0
Delaware
India
David Fuñe, Executive Chef, Vizzi Truck / Temecula Creek Inn, Los Angeles, CA / Temecula, CA
Baseball
Himachal Pradesh
Nord-Pas-de-Calais
Deborah Caplan
Matt Lackey
Edward Frenkel
Germany
Delaware Route X
Tryg Siverson, Chef and Restaurateur, Friedman's Lunch, New York, NY
Katie Wentworth, Seattle, WA
Mike Solyn, Freelance Chef, New York, NY
Joel Allette, James Baldwin High School and 4Food Restaurant, New York, NY
1164.0
Jackie Speier
Chhattisgarh
554.0
Dwayne Johnson
Kathleen Norris
Davao Region
Buenos Aires
Thiago Silva
Rick Santorum
1031.0
William P. Rogers
Phillip Frankland Lee, Chef & Owner, Scatch Bar, Los Angeles, CA
Laurent Schwartz
Switzerland
Jennifer Duncan, Caterer and Competitive Barbecue Champion, Whiskey Ranch BBQ/Pitmaster, Smoked To The Bone BBQ Team, Gilbert, AZ
Palestine
Perak
Length of dive
Grand Duchy of Baden
Rocco DiSpirito, Charity: Feeding America
Gilbert Delgado, Sous Chef, The Fat Radish, New York, NY
Southern Germany
Aneth/Red Mesa/Mexican Water
Rachel Willen, Chef and Culinary Instructor, Foodfix, Clinton, NJ
Robert Doyle
Colin Powell
NC/TN
West Indies Federation
Christian Olsen
Gaza Strip
Alberta
Justin Herrera
Qld
List of filename extensions (M–R)
The Simpsons/Season 4#A Streetcar Named Marge
Cordillera Administrative Region
Holly Sheppard, Chef de cuisine, Silkstone Catering Events, New York, NY
Mary Beth Johnson, Executive Chef, Maritime, New York, NY
Lily Nunziata
Pittsburgh
Canaan Smith
Shania Thomas, Food and Finance High School, New York, NY
Regina Chen, Sous chef, Maison Akira, Pasadena, CA
1636.0
Joe Raiola, Executive Chef, Morton's Steakhouse, Brooklyn, NY
Inner Mongolia
Carla Contreras, Private Chef and Owner, Red Clog Kitchen, New York, NY
State Highway nn
Candy Sue Weaver
McCaily Cranna, Sous chef, Hudson's on the Bend, Austin, TX
Kogi State
Lola Garand, Freelance Consulting Chef, New York, NY
al-Qaeda
Michael Psilakis, Charity: The Polycystic Kidney Disease Foundation
Gumbo
1.3
1.5
Anna Maria Santorelli, Chef and Restaurateur, Anna Maria's, Larchmont, NY
2012-05-14
Big Bang
1.7
1.8
1.9
Simon Lange, Chef and Restaurateur, Apartment 138, Brooklyn, NY
Dhaka
Kirk Bronsord
1218.0
Niels_Bohr
Christian Herter
1271.0
South Lanarkshire
Jennifer Story
Timothy Grandinetti, Chef and Restaurateur, Spring House Restaurant, Kitchen & Bar, Winston-Salem, NC
Province of Hanover
Pomeranian Voivodeship
Florida(U.S. state)
Malacca
John Simmons, Chef and Restaurateur, Firefly Tapas Kitchen and Bar, Las Vegas, NV
Irving Berlin
Alcoholism
1889.0
The Daily Show
Lesser Poland Voivodeship
JAL
Aaron Tekulve, Sous Chef, Lark, Seattle, WA
104
794.0
La Union
Meny Vaknin
Paul Rut
Hiroshima
Kunduz
Elizabeth Falkner
Kabardino-Balkaria
Nick Caputi
Anh Luu, Head Chef, Tapalaya, Portland, OR
Ilhas Adjacentes
Paraíba
985.0
732.0
Matt Dunn, Sous Chef, New York, NY
Rhine Province
Dung Trinh, Chef, Bar Bruno, Brooklyn, NY
Giuseppe Fanelli, Executive Chef, Tre Dici, New York, NY
Rana Bhagwandas
113
114
Epirus (region)
the District of Columbia
Gwen LePape, Executive Chef, New York, NY
Justin Werner, Executive Sous chef, Colicchio & Sons, New York, NY
Artist Thornton
Thrace
Dennis Cometti
D.C.
Meghalaya
Border triangle of Logar, Paktia
Virus
125
Riemann hypothesis
1520.0
Yemen
Natraj Vairavan
Hamburg
Negeri Sembilan
Ashley Holt
Missouri
Ashley Dudley, Hometown: Hancocks Bridge, NJ
Jay Abrams
David Nichols, Executive Sous chef, Landmarc Time Warner Center, New York, NY
William Lane Craig
Bertrand Russell
Al Nappo, Executive Chef, Founding Farmers, Georgetown, DC
Cris Vazquez
1577.0
Christian anarchism
David James Robinson, Executive Chef & Owner, Bezalel Gables, Hudson Valley, NY
Brack May, Chef and Restaurateur, Cowbell, New Orleans, LA
Bradley Stellings, Consulting Chef, Japan
Mark Coblentz
Tatiana Cicciarella
Vinson Petrillo, Executive Sous chef, Caviar Russe, New York, NY
1217.0
Arkansas Territory
Ana'lysse Cotton
Paul Joseph, Executive Chef, FireBird, New York, NY
Edo State
John Lawson, Sous chef, Gordon Ramsay at The London, New York, NY
Sean Olnowich, Chef and Restaurateur, The House, New York, NY
Automorphic form
Danni Bleil, Food Stylist, Ottsville, PA
Gabon
Ryan Bartlow, Chef de cuisine, Frankies 570, New York, NY
Ronnie Vincent, Executive Sous chef, Joe's Stone Crab, Miami, FL
Prešov Region
Jackie Joyner-Kersee, Charity: Jackie Joyner-Kersee Foundation
Antigua and Barbuda
PJ Calapa, Sous chef, Nobu Fifty Seven, New York, NY
Elda Belanski
Eddie August Schneider
Free State of Lippe
Nicole Davenport, Chef and Restaurateur, Sugar and Smoke, Fredericksburg, TX
972.0
Saint Petersburg
Kansas
Flag of Saxony.svg
Iowa
Anastacia Song
Silvia Baldini, Chef & Caterer, Strawberry & Sage, New Canaan, CT
Renee Graziano
NSW
Special Postcode - 2139
New South Wales
John Sierp, Executive Chef, White Cloud Catering, New York, NY
Pedro Diáz, Sous chef, Fresh Direct, New York, NY
Pampanga
1337.0
Turkeys
JoMarie Payton
Nordrhein Westfalen
Dan Giusti, Executive Chef, 1789 Restaurant, Washington, DC
Pakistan, India
param
John Beatty
Nicki Bogie, Culinary Instructor, The Fresh Air Fund, Fishkill, NY
Romania
Quebec
Galicia
autocollapsed
Barry Frish
Maryland Route X
South Moravian Region
Shaya Klechevsky, Personal Chef and Instructor, At Your Palate, New York, NY
Malik Fall, Chef and Restaurateur, Boucarou Lounge, New York, NY
Aidan Blumsack
Tripura
Travel
Cross River
Mississippi Highway X
1400.0
John Deatcher, Caterer, Foodini's Catering, Neptune, NJ
Arunachal Pradesh
Montana Highway n
567.0
Alexina Chasin, age: 14
Warsaw Voivodeship (1919-1939)
Bihar
1102.0
Edward Livingston
Jonathan Edwards
Hokkaidō
Kowloon
Emma Morrison
J. K. Rowling
Saul Ortiz-Cruz, Executive Chef, Tacos & Tequila at the Luxor, Las Vegas, NV
Anne Burrell, Charity: Juvenile Diabetes Research Foundation
Matt & Mike Romine
West Bengal, JharkhandOdisha, Chattisgarh, Maharashtra
Sequoia Pranger, Hometown: Salem, Oregon
1039.0
Arizona
Enugu State
Mecca
up to 5.4 frame/s
Special:Search/Judo
New York State
Benjamin Harrison
Conner Frank
Sarah Pouzar, Executive Chef, Il Forno, New York, NY
Gwen LePape, Executive Chef, Frederick's Restaurant, New York, NY
Quakers
Lee Anne Wong, Charity: Conservation International, Hawaii
Alice's Adventures in Wonderland
Gary Stamm
Sean Carroll
Chelsea Manning
Julia Calabrese
Massachusetts
Roy Handler, Caterer, Haute Mess Catering, Los Angeles, CA
Tatarstan
Billie Piper
Mostafa Pour-Mohammadi
1092.0
Alex Moreno, Executive Chef, Border Grill, Santa Monica, CA
625.0
Peter Endrigian & Sally Meehan
Mindy Merrel
Soraya Carrington
'3-2
John Keller, Personal Chef, New York, NY
Timor Leste
Ellie Kuhnle
Veronica Seguin, age: 15
Pennsylvania 15935
Veronica Seguin, age: 14
plain
Full resolution at 9.6 frames per second, 4MP at 30 fps
Andaman and Nicobar Islands
Rheinland-Pfalz
Facebook
1760.0
Manicaland province
Released
Hungary
745.0
tas
Lauren Von Der Pool, Personal Chef
Tony Kang, Sous chef, Upper Brookville, NY
Marcellus Coleman, Executive Sous chef, Abe and Arthur's, New York, NY
Alan Kay
Ethan Jackson
Kanagawa Prefecture  232-0024
John Forsyth (politician)
Natalia Gavaria, Private Chef, New York, NY
Marcella Valladolid
1279.0
Active
1697.0
Washington,
Catherine Highland
Louisiana Highway X
Ariella Dalfen, Paramedic in Queens, NY
Jeffrey Heilman, 18
Ohio 43015
Camryn McLelland
Tamar Robinson, Private Chef, New York, NY
Alfred DiMartini
Hawai'i
Swiss Alps
Marilyn Monroe
Dido
Stanley A. McChrystal
Lewis Cass
Robbie Myers
Yukon
1222.0
865.0
Ft. Lauderdale, Florida
Danny Lachs, Chef and Restaurateur, Tortaria, New York, NY
Lauren Miller, Executive Chef, Sasquatch Brewing Co., Portland, OR
Millennium Prize Problems
Adam Greenberg
Punjab (Indian state)
Lakshadweep
Christian Bryan
Lisp programming language
1159.0
Ian Friedman, Executive Chef, Rainwater Grill, New York, NY
Randy Daniels
Qelian Murphy
John Marshall
Brandon Frohne
Dhaka Division